"city","year","quarter","v1","v2","v3","v4","v5","v6","v7","v8","v9","v10","v11","v12","v13","v14","v15","v16","v17","v18","v19","v20","v21","v22","v23","v24","v25","v26","v27","v28","v29","v30","v31","v32","v33","v34","v35","v36","v37","v38","v39","v40","v41","v42","v43","v44","v45","v46","v47","v48","v49","v50","v51","v52","v53","v54","v55","v56","v57","v58","v59","v60","v61","v62","v63","v64","v65","v66","v67","v68","v69","v70","v71","v72","v73","v74","v75","v76","v77","v78","v79","v80"
1,88,1,0.43410055,-0.72664907,-0.62306075,-0.041316986,-0.4666906,0.80227707,1.5082893,-0.36208166,-0.10522464,-0.86281875,0.66043204,1.0010197,0.33668324,0.76181007,0.80697473,-0.88295282,0.39023264,0.85852864,1.6150832,-1.5110028,-1.5008378,0.13318174,-0.13824054,1.2571357,0.22696845,-0.71493642,0.037255921,0.91120947,-0.34829534,-1.3863163,1.8113698,0.17415038,1.8296325,-1.2927394,-0.085660952,0.23976074,-0.5568371,0.54348326,-0.21402516,-1.2473764,-1.1510786,-0.50074981,0.79744118,-0.683054,1.0444236,1.8857673,0.44571739,0.75851084,-0.18296002,-0.13055634,0.45683944,-0.41213879,-1.5871188,0.77900258,0.93225747,-2.0431913,-1.7010714,-0.15602341,1.0821002,1.1503897,0.16101681,0.12973159,-0.79554915,0.25904369,0.092018578,-0.34232293,-1.2012517,2.0902944,-0.1130495,-0.93990282,-0.99523306,-1.3903948,-0.14666632,-0.52153246,-0.56966135,-1.7534182,1.0274937,2.0211902,0.19017203,-0.039730716
3,88,1,0.0017025979,0.22282451,-1.0287201,0.38312476,0.38663785,2.1566738,0.46994528,1.3708411,-1.1341625,1.7297868,1.6356898,0.4861341,-0.30548949,0.10690687,-0.21448152,0.96322526,0.7574317,-0.030179315,-0.28205547,-0.84532636,0.027647699,-0.84144141,-0.90568609,-2.0306179,-0.77806424,0.16604932,-0.77475506,1.4030846,1.2990687,2.2338763,-0.13860634,-0.70373791,-0.63915196,-0.5120149,0.23376935,0.60187967,-0.97866191,0.4251817,-1.2311594,0.21120469,1.0451218,1.0170277,2.301255,0.14903383,0.23557153,0.77866133,0.99061689,-0.58179258,0.41700807,-1.1792894,0.1194524,0.99055947,-0.49907334,0.98711184,1.6398492,-1.5414049,-2.4008744,-0.071212021,0.52217198,0.56823738,0.23595798,0.13459951,0.072845861,0.95098714,1.9587245,-1.2462697,0.52050034,-0.91972552,-0.30700975,-0.19743912,0.25715646,-2.4955766,0.78259236,1.4677093,-0.15313031,0.57939586,-2.1481959,-1.209336,1.0045957,-1.1613665
4,88,1,-0.52956931,0.72487121,0.29101666,-1.3916425,-1.4629824,0.2487691,0.38929982,1.2963022,2.0013528,-1.013105,-0.86307148,-0.64957138,0.69922476,1.3873378,-0.020960536,-2.0312155,0.3700984,-1.2663329,0.56285293,-0.27239497,-0.47680854,-0.93486892,1.4300456,2.6188581,0.45682019,-1.6615231,0.64754606,-2.1798362,1.0451588,-0.73891697,1.379566,-0.53321041,1.0082011,0.5409749,1.5593378,1.1087457,-0.12075384,0.078840013,-0.26197766,0.79228384,-1.0187809,0.31071846,-0.95315321,0.80570799,-0.065854034,0.26078727,0.75651531,-0.04199649,1.0378945,-0.82278477,0.42198521,0.049236793,0.31991999,1.3542539,-0.73154006,-1.8918429,1.8719645,1.0863031,-0.96185766,-1.2002858,0.029224352,-0.17042893,0.36395246,0.48797025,-0.97288909,-0.98688459,-0.44719489,-1.7841452,0.60446624,0.59032501,0.46497663,-1.6034188,-0.96933925,-0.40762491,-1.5430857,0.10670906,-0.80808658,-0.48050866,0.11408023,-1.2956324
5,88,1,0.019233489,-1.4250308,-0.26781702,-2.2654124,-0.56948846,-1.1295643,0.7191311,0.0026948542,-0.43097265,-0.52420222,-0.38042351,-0.17374813,-0.30773164,0.062416345,-0.94583543,-0.16908021,0.21592656,-0.65560759,0.23045082,1.1258367,0.53960188,0.16981784,0.7128376,-0.12163087,0.9268723,0.15812188,0.23722004,1.003087,-0.41774377,0.36371713,0.22572513,-0.24639797,0.57863091,-0.19845367,0.97619338,-0.71968641,1.159457,1.866995,0.86340844,-0.64422821,-0.57605819,-0.50720587,-0.74966527,1.1163544,-0.98564844,-2.0033693,0.15457455,0.401242,-0.15600828,-0.44251904,-1.1852511,-0.64836087,-0.71551715,-0.40334637,0.017002145,1.2472879,-1.3352709,0.71982273,0.30513089,-0.75483385,1.277011,0.42841941,0.46124654,-1.0110437,-0.62858037,-0.82509791,0.4755129,1.531849,2.0300239,0.29232214,-1.4783016,-1.2748919,-0.73724898,-0.82053661,0.86447874,0.28766896,0.38676113,-0.80894497,1.283643,0.3963956
7,88,1,-1.3205393,-0.25525838,-0.034210388,-0.42670017,1.460588,-1.3988308,0.020785462,-0.02204481,-0.94113202,0.732794,-0.53579092,-1.1472849,-1.1953074,-0.48459623,-1.4395967,0.45187932,-1.7499018,-1.5364281,-2.6380196,-1.5233573,-0.65751352,1.8693622,-0.31569717,1.2643182,-0.021691575,-0.16277097,-0.96915211,-0.55799681,0.5793097,-1.4313762,-2.1510664,1.4534551,-1.240577,0.098775455,1.130308,-1.2966953,-0.51783558,0.83767185,-0.44609863,0.71220534,-0.26637157,-0.68317897,-0.54205164,-0.29927824,0.043641069,-0.91599304,0.42419352,0.68828326,-2.1615087,0.31819397,0.30565539,-0.18645621,1.2602546,0.66402201,-1.2065188,0.4342733,-0.90142153,-1.8143351,0.14598478,-3.721798e-05,-0.55843958,0.69769787,-1.3907745,0.77605225,-1.4023734,-0.32572605,-1.6656223,-0.49170693,0.25250459,0.2477844,-0.96901209,-1.2803687,-1.1295483,-1.1156517,-1.8233706,-1.0026376,0.47094854,-0.018112085,-0.65637188,-1.1896942
8,88,1,1.7513542,-0.63482221,0.49416113,-0.71853024,-0.35494155,-2.197968,-0.37296776,0.23336115,-0.69236083,0.30013244,-1.8369427,-1.7380887,-0.40693499,-0.27313222,-0.44870928,-0.60733503,0.56151699,-0.34554919,-0.50045879,2.0706936,-0.42437593,0.15027969,0.45060783,-1.5481153,0.60320887,0.77406447,0.24593976,-0.83725968,-0.34242001,1.6214756,1.4117478,-0.79405517,0.17520701,0.010325339,1.6714159,0.30753263,-0.54696848,0.02485799,0.75846075,2.3454482,0.11465587,0.60847223,0.0012624975,0.5947628,-0.22098947,-0.3925796,-1.0460297,-0.23417788,0.68956767,-0.22538249,0.94311288,0.18238982,-0.96504261,0.50852881,-0.064466769,0.23309627,0.39907428,-0.83991484,-1.1512679,0.98525634,0.33616076,0.81032574,1.0184589,-1.2420968,-0.20973366,-0.025548032,-0.22531788,0.48452541,1.8417457,-1.2025593,-0.26513714,0.044826757,0.8334685,0.24027716,-1.061443,0.50172504,0.86651952,-0.47088263,1.0957102,0.40922268
11,88,1,0.15182447,0.067397308,-0.33261188,1.3632131,-0.069406128,-0.073964035,0.82453737,1.5686555,-0.36669228,-0.3023977,-1.0412027,0.79761582,1.2363102,0.53598393,2.2061042,-1.1636989,0.30149526,-0.55706915,-0.42392317,0.68354389,0.057934253,-0.83664963,0.48137996,1.0607319,0.77685423,0.2270863,-0.1372794,0.19884625,3.1221976,0.86249415,-1.3665213,-0.30053419,-0.7921363,0.73254498,0.19425199,-0.74099046,0.18614589,-0.15307754,-0.31437581,-1.8749793,0.889321,-0.43046496,-0.84107224,2.3190821,-0.13902361,0.83358705,-0.25505059,0.24835149,1.2506952,0.74255024,-1.2691738,0.14392169,-0.015244234,-0.92645099,-0.69224447,0.2527243,0.05219391,0.67099381,1.3372172,0.21695563,0.1213967,-0.32385022,-0.78110252,2.1387228,-0.24873408,-0.26836894,-0.9071345,0.40695326,-0.77815095,0.43208502,-1.839514,-0.87576482,-0.62893839,-1.295031,0.37968588,-0.23407785,-1.3803398,0.54727482,-0.12319754,0.04890546
12,88,1,0.054848968,-2.3326575,-0.67349806,-1.644047,0.27679542,0.022091227,1.0216997,-0.78913302,0.2006107,0.099143225,1.1984728,-0.86639597,0.9258287,-0.15006053,-1.5293164,0.66086802,-0.77312609,-0.21881804,0.12427383,0.78817203,-0.15357587,7.6689897e-05,-0.61199009,0.12965286,0.42074906,0.51283125,-0.73828452,-0.97916295,0.29791317,-0.85002189,0.19265743,-0.28347656,-1.9702604,0.028174122,-0.62847193,-0.37118317,-1.0768865,-0.44497844,-0.00055989091,2.9541278,-0.62376988,0.2834498,0.85488875,-0.42702373,-0.88759004,-0.040990279,-0.60111265,-1.3272118,-0.43104236,-0.89818402,-0.17744718,-0.72169106,1.1186168,1.2558217,-0.72916618,0.28274222,-0.71572318,0.51427831,0.50504452,1.0615385,0.60639037,-2.1092779,-0.3057695,0.34643173,-1.49384,-2.1067536,-1.6596019,1.0737803,1.3782184,0.75469598,0.6806645,-1.2558088,0.18778972,-0.32689571,0.62112994,-1.1476503,0.27909106,1.2451593,-1.7715037,0.40942473
13,88,1,0.49599207,0.70225697,1.7806573,0.65254366,1.8532133,-0.32034366,0.21569475,-1.3111845,-1.502011,0.60092878,0.12625863,-0.90359873,-2.4466914,1.0297844,0.5725984,-0.12900043,0.055992079,0.41567655,-0.22369275,-0.15395412,0.89286617,-1.9443528,-0.63579295,-0.54006464,0.16720771,-0.52492116,-0.1023305,-0.20299972,0.17269599,0.33298964,0.022970945,-0.050155314,-1.1136487,-0.69104338,0.9681466,0.14543497,2.4190934,-0.7237141,0.78280323,0.5882248,3.0066089,0.45518869,0.62796424,-0.035426183,0.30982108,0.37563091,0.050679287,-0.85969844,-0.75173273,0.38913015,0.35045911,-1.1221159,-0.62610896,0.51445112,-1.8497995,-1.097254,1.2491537,0.66758817,-1.5750406,-0.67205671,0.67140258,-0.56368487,0.27626124,-1.0923284,-0.87366529,1.6419626,-0.084497202,-0.43806364,0.19948784,1.3038063,-0.124327,0.80349234,-0.1893861,-0.98797154,-0.57361113,-0.21536588,0.44236294,0.93213149,-0.36860986,0.58869055
14,88,1,0.77919242,-1.3275453,-0.51756484,-0.58475417,-0.90702117,0.38037983,0.27865992,-0.68595753,-0.23746555,0.18384781,-1.3209035,1.8839205,-0.76650116,-0.47477337,1.0166617,0.61480581,1.6454242,2.50996,-0.41526885,0.4159643,1.0326562,-0.26297528,0.59459642,1.3744876,-0.50797952,0.9161265,-0.086546945,-1.4777732,-0.22683204,1.0127292,0.92961215,-0.45553768,-0.4378354,-0.7523386,-0.33452522,0.53872141,-0.49395093,-0.070798954,-0.8929397,-0.53438622,0.14843657,0.45423883,0.9713256,1.2803956,-0.70982757,-0.042915713,0.47612048,-1.3755967,-1.3372674,-0.45328038,-1.4178237,-0.11654987,1.387541,0.44590726,-1.0865191,-0.92722472,1.7641794,-0.15471144,-1.5844323,1.0500856,-0.090739582,0.29571934,0.47320459,0.15818419,-0.88136763,0.87937047,-0.36520403,0.21901147,0.030629321,1.6485066,-0.079476685,0.83840294,-0.2763072,0.59101399,-1.1808701,1.0855215,0.01529397,0.60675869,-0.16940009,0.27649444
15,88,1,0.58604366,-0.52805143,-0.79245354,0.22137771,0.41397221,-2.3672216,1.572238,-0.43406227,-0.25904121,0.099996677,0.90875605,1.3762124,-0.10932528,-0.34297639,-1.2102688,1.0068816,-0.91543786,0.33977812,0.19388471,-0.18655073,-2.0970143,0.15188038,-0.023429784,1.1453759,0.28864582,1.218815,0.038229556,2.1437996,1.2752821,0.98169339,-1.8150503,-0.16040931,1.2755216,-0.72115731,-0.799466,0.67685756,-0.41160381,-1.1343436,-2.4736771,-0.67208303,-0.40638172,-0.093914282,-1.8149835,-0.49883387,-0.6656569,-0.27308134,1.5861976,0.0088984846,-0.49536961,-0.049690619,0.85247989,0.42609634,2.0326339,-0.97624287,-0.13579423,-0.4597,-2.1666158,2.5280705,1.7519875,0.78489479,0.77093632,1.0306835,-1.1059027,0.062348551,-1.6452694,-1.0217554,0.18106505,-1.3303965,1.0395864,-0.32444906,-0.92966904,-1.1261276,-0.3364435,-0.16537238,-0.26742704,-1.5176365,1.7865503,0.055525032,0.73446371,-1.1144227
16,88,1,-2.3536781,0.43364486,-0.57004026,1.0836959,0.86051519,0.9691451,0.53028584,0.8656742,0.29123615,1.0203836,-1.6580535,0.72179042,-0.38691001,1.1006813,1.562853,0.97974938,0.38940522,0.34385574,1.267589,-0.70937645,-1.0818445,0.24957219,0.35723297,-0.63279772,-0.56041599,-0.24023985,-0.76362319,2.4283773,0.70552356,0.18750061,-1.4264716,0.030240372,0.95661802,-0.18773163,-0.67252645,1.6928422,-0.026279038,0.58858586,-0.45906504,1.3634851,-0.43094916,0.93449991,-0.51369199,0.69411094,-0.54864131,-0.14633496,0.43626866,-0.26909961,-0.064145151,0.27098343,-0.092163478,-1.2029905,0.82765266,-0.6923181,1.4823832,-0.32656081,1.6905114,-0.10208789,-0.46536445,-0.54589926,0.66644701,0.043504322,1.1917635,-1.89703,-1.4914687,-0.27553016,0.37822116,0.84871901,0.99224148,-0.090952254,-0.10653216,-0.45231916,-1.5384762,1.1704366,-0.93939725,0.92594004,0.71304298,2.2003477,0.39321815,2.0562746
18,88,1,-0.28569142,1.2015823,-0.1822252,0.36481968,0.49188929,-1.5128037,0.48545781,2.5922605,-1.2700896,-0.29174677,0.75316052,0.18289064,-0.4896954,0.56055976,0.52006284,1.2343435,0.15717316,-0.76529196,2.0369229,-0.26625864,-2.3487337,0.049131892,0.02499975,-0.34113631,-1.8781598,-1.3505452,-0.14019626,0.22231521,0.34215742,0.20140186,0.68337959,-0.86946889,-0.2061868,0.79933894,1.964238,-0.17335538,0.93565454,0.63291495,-1.5072937,-0.59426364,0.37793433,1.7094741,-0.59531307,-0.64302062,-1.7398692,0.71754101,-0.053264797,-0.11359535,0.12755584,-1.6932775,0.77637461,-0.61724784,-3.0956008,0.28088455,-0.69378931,-0.77912295,0.53403904,1.1653023,-1.9823777,-1.0048747,0.81821941,-0.83375987,1.1458638,0.4794565,-1.3007162,0.30311631,-0.75515379,-1.4337984,1.4538925,0.30673765,2.3653404,-0.20849033,-0.5829488,0.054575701,1.5749675,0.36054239,1.1252996,-0.20331993,0.78170496,0.66130152
20,88,1,-0.12984963,0.85832503,-0.59297275,0.99148374,0.65400569,0.18615323,-0.66287951,-2.3764076,-1.3527367,1.7301705,-0.90324998,-0.061810893,0.55007172,-0.7156337,0.79769244,-0.6734309,-0.53898502,-1.0397759,-1.8603566,1.4146312,0.76592925,-1.0797401,1.6224003,-0.6208257,-1.0512854,0.047540368,-0.16822769,-0.50294977,1.3305164,0.34965469,0.12077014,-0.049984343,-0.47295922,1.4196555,0.60438627,-0.17435651,-0.087798487,1.1907247,-0.055108651,1.2690299,0.42485819,-0.39215265,-1.3964733,1.0846547,0.72584105,1.4687467,0.30460737,0.52248336,0.55208395,-0.70379087,0.17113881,-2.054353,-0.11324481,1.7110752,-0.59227923,0.14492222,-0.42602855,-1.0957822,-0.70700926,-0.40279389,2.5693592,0.94389997,-0.12114921,0.046176869,1.0630978,0.92449395,-0.9903059,-1.2970549,-0.018417267,-0.37144064,0.65123071,-0.56096866,-1.7914625,-1.3587793,-1.1537976,0.19696305,-0.64786634,-0.82901398,-1.048339,-1.2723343
23,88,1,0.40115379,-0.46175311,-0.62015251,0.50423372,1.4252198,0.79645903,-0.787006,0.81999313,1.4141196,-0.054816833,-0.98238253,-0.87741569,0.52459935,-0.10150273,-1.1300621,-0.14578347,0.23081503,0.13707058,-0.85418632,-1.0054247,1.6244687,0.50262954,-1.4609737,0.97216162,-0.72416159,1.9932648,-0.2279095,-0.19199973,0.24662356,0.88461863,0.80488061,-0.89107874,0.17059946,-0.93280774,0.76333101,0.68094359,-0.023145515,0.70702316,1.8328345,-0.36338199,0.63210504,1.1094454,0.42201697,0.44421246,0.031694448,-1.3313422,-0.39311594,0.43739443,-1.5976557,-2.6253568,0.4654784,-0.88257997,0.72918936,-0.40438641,0.13659281,0.86800441,-0.16036769,-0.99853373,1.7587015,0.69193158,-0.13375528,1.2365,-1.3080941,-0.89379724,-0.43272918,0.93403258,0.87182755,-1.4252827,0.3078172,-1.4974676,0.086331485,-0.42035395,1.0541723,0.57081437,2.0455194,-0.13723618,-0.36623028,2.8182713,-0.21356604,0.15331914
24,88,1,-0.11842465,1.0771739,0.27922965,1.1914348,-1.3423491,-1.9999737,-0.61302541,0.12218419,-1.8238041,-0.79963351,0.61683154,-1.0222698,1.3117292,0.57098346,-1.9870194,-1.6452328,1.6250428,0.12202862,1.1168342,0.71236757,0.040739628,-1.2750368,0.54309113,-2.2941398,0.58817143,0.55607871,1.0440784,-0.32691,0.2008162,-0.39082881,1.6706177,-1.2141488,-1.0698984,-1.6095936,1.3928723,0.30620752,-1.3265808,-0.66840044,-0.14116033,-0.17849722,-0.27563598,-0.29275181,1.7224112,1.9560526,-0.13547011,1.2147712,-1.0583989,-0.19857352,-0.58063757,0.4589959,0.773867,0.38094663,1.7846065,-0.898987,-0.31698447,-0.6514483,-0.99287323,-0.64678293,-1.3397759,1.2767927,-0.82339534,-0.29804345,0.19896199,-0.46132727,-0.73651845,1.8793941,-0.51358189,-2.8089798,0.2026981,-0.44000217,0.11401368,0.28901919,-1.535778,1.3900541,0.80815597,1.0408498,-0.19652182,0.25900203,-0.4044192,-0.03867016
25,88,1,1.8505324,1.4397269,-1.0542304,0.20786205,-0.095601723,-1.5340682,0.91090863,-0.4715185,0.93411462,1.103406,-1.6594576,1.1928157,-0.14839455,1.0224152,-1.0841383,0.042747311,-0.75727922,-1.7070126,0.28862282,1.6821009,1.5935022,0.5301453,0.70895014,-0.31059067,-1.9073506,0.95843316,-0.54810306,-0.66226349,-0.64912311,-0.21073905,2.5357619,0.12745796,-1.7543646,0.22665454,-0.69362791,0.74954855,-0.093690993,0.68877163,0.35239368,-0.32028687,0.42968595,0.081611323,-0.95111877,0.43399003,0.2903637,-0.86963942,-1.3900588,-0.48613137,1.265135,-0.28097793,0.3007355,1.2967265,-1.4131784,1.7668313,-0.072482412,0.94955571,2.0266993,-0.0079282307,-0.29203398,-0.81019251,0.60226054,-2.3416696,-2.4626719,0.25152675,0.46210225,0.8337861,-0.36720367,1.4583011,0.78836183,0.16290827,0.67350331,1.0228416,-0.70408685,-0.33527966,-0.7467215,-0.78893462,1.449306,0.40189467,0.13604213,0.48310403
26,88,1,1.3645673,-1.1213677,0.68902408,0.29263563,1.3522873,-0.63774449,-0.050920406,0.81946741,-0.082668965,-0.55212675,0.021078271,-0.75656682,0.41076173,1.7568221,0.56650413,-1.3993455,0.55633776,0.34113028,0.23295602,-0.34715813,-0.22584834,0.46601263,-0.033807175,-0.2768725,-0.54046419,-2.2721304,0.26564792,-0.47731753,-0.98107228,1.4227542,-0.63698183,1.313723,0.039387042,-0.55283676,1.234081,-0.97834685,-1.9125827,0.42035857,0.20990674,-0.87199363,-0.94349623,0.57997292,-1.7308867,0.39201529,0.17106952,1.2544227,1.3697539,-0.47441129,0.044558004,-0.91543962,-0.57916311,-0.87285467,1.1409058,-0.16947272,-0.70034167,-1.8563308,0.29685131,2.0315615,-1.2317191,-0.93777857,1.911145,-0.75663579,-0.5067741,-0.22557247,-0.6096893,-0.1510426,-0.47984816,-0.73955988,0.49548662,-0.39754426,0.32612209,-1.3019764,1.1063117,-1.5646017,0.98844111,-0.77991965,1.5920827,-1.1179571,-0.40216436,0.43694706
27,88,1,-0.050807099,-0.72976914,0.52346916,0.64116042,-0.21619075,0.37927691,-1.1222734,2.3877859,-0.5744168,-0.070408704,-0.444633,0.68438938,-0.8140305,-0.29049273,1.4378356,0.51089981,1.2791622,-0.19388954,-0.12920014,0.5813866,-0.97927388,-0.93504897,-1.0349762,-0.67529377,0.24226586,0.81074805,-0.42801519,-2.2128403,1.3811608,-1.3113289,0.19824189,0.37136946,-0.8499939,-0.41583808,-0.49079727,0.35344103,0.51512767,0.45472585,0.38294441,0.43554615,0.97910619,0.36727669,-0.71957986,0.81663072,1.4377244,-0.27344872,-0.8707908,1.1499914,0.8120164,-0.066011679,0.33866768,0.65589529,-1.0259173,-0.041058503,-0.31366668,-1.4776918,1.6290921,0.66307321,-1.5293265,1.333686,-2.501045,0.0025405244,0.14891039,-1.2743164,0.57366383,0.70977541,0.90683855,-0.53770426,1.1106953,-0.65818208,-1.1103704,-0.015053417,0.54300965,-1.6037615,-1.0459734,0.35692261,-0.35924388,1.0600763,-0.39066697,-0.042252195
29,88,1,0.65892299,0.81790949,-0.7174107,-0.86467689,1.1565554,-0.23666052,0.98122741,-1.5467937,0.15639217,0.14329188,1.0120738,0.83317683,-0.52764485,0.083901821,-0.17920262,0.09426893,-0.49050207,1.1393617,0.75475337,-0.4916154,0.54581537,-0.10861935,0.11747865,-1.2673008,-0.86884797,0.75216322,-0.47770741,-0.62757233,-0.52345597,0.38499886,0.19143912,0.46930698,-0.78443972,-0.38001152,0.73634387,0.34016875,0.53573675,0.78594988,0.091670982,1.4235294,0.44751701,0.99076926,0.53378219,0.55021371,-1.30944,1.3432272,-0.039189873,-2.1248282,-0.99804939,0.81023466,1.0543109,-0.24202969,-0.46738493,0.8533076,0.066554578,-0.66377762,1.2060563,-0.84056008,-1.8183678,0.56114675,-0.5283916,0.64704392,-0.34108191,0.38721106,-1.3000597,2.2573698,-0.60261214,0.057486823,-0.087161675,0.65942828,-0.53115597,0.31089747,1.2902502,1.3312897,0.027167346,-0.96842705,-0.39881805,0.44157511,0.59603985,-0.50183436
30,88,1,0.33124043,0.98829323,1.5568647,0.87009005,0.57423832,1.0281759,0.53708779,-0.89320713,0.39400368,0.20815796,0.32697804,0.46471672,2.090353,-2.1976081,-0.35874925,1.6223662,-1.0218955,0.077418272,0.12868427,-0.048800307,-2.6592953,1.2776663,0.38667853,-0.036475591,-1.8675596,1.9227723,0.29589354,-0.53407055,-1.0133889,-1.2683754,-0.71529119,1.8070078,0.090500669,-0.71443269,0.78655852,0.75112211,0.1800371,-1.5561059,0.22061031,-0.10840021,-1.3196496,0.069730072,-0.63600675,-0.19517632,0.1993582,-0.043406556,1.2769215,-0.17117521,-0.11116221,-0.0013953614,-0.04264544,0.37238413,0.19261844,0.75805841,-0.40499491,0.89489879,1.0814644,0.59704592,-1.3222253,0.39647434,0.35673405,-1.3951276,-0.26679294,-0.30317246,1.7388126,-0.20373833,-0.26112051,-0.64167148,0.48935929,-1.7578614,-0.82842837,0.60921337,0.11584906,-1.5821015,-2.1019938,0.35478634,0.11853237,0.6532179,-1.3963656,1.6865786
31,88,1,0.0052730175,-0.86642246,2.0022716,0.38943692,0.67745578,-1.2198236,-0.48849097,0.57577974,-0.069082698,0.23640271,-1.1489953,-1.342318,0.91702858,1.3046655,0.45703914,-1.7920982,-1.5131675,1.0766976,0.20033041,-1.45748,0.25335577,0.50505811,-1.1167983,0.8590698,-1.1742056,0.28408377,0.69939733,-0.71015818,-1.1201945,-0.11352806,-0.23553473,0.44709126,1.0895176,-0.57425528,-0.51549521,-0.12370101,1.4646351,0.0035842555,-0.31132737,1.0831849,-1.3001488,-0.12987144,-0.42167719,-0.03063549,-0.21466146,1.9580549,-1.1653946,0.81887014,0.035090945,-0.057512418,0.82189765,0.64072131,0.034168673,-0.82277597,-0.76875602,-0.54063477,0.57979085,0.20380086,0.52394241,0.70669347,-1.3550856,0.18188159,-0.39786723,-1.1794578,-0.059251847,-1.4397105,-0.45197548,0.91173925,0.028661453,-0.92669903,0.89229737,0.087562191,-0.58460027,-1.7264561,-0.75527052,0.91966563,-0.7614273,1.123233,0.76315968,-1.833245
32,88,1,-0.93882738,0.40074091,-0.0068005513,-1.4110764,0.68603883,-0.34555691,0.80694332,1.9777434,0.19535027,0.95046664,0.082608468,0.4142867,2.4665496,0.42526407,-0.84200835,-2.1913272,-1.4284534,-0.68738809,-0.37396328,0.079765355,1.5295076,-1.2229685,1.2438552,-0.31914479,-0.64396166,1.8878571,-0.29164459,-0.13736458,-0.24406519,-0.14925879,-1.1349352,0.42573081,-1.0837779,1.6814534,-0.54758741,1.2968076,-1.0644186,1.3237543,0.81988675,1.1847329,1.1602518,1.0510422,-0.10348746,-0.3413593,0.13290362,-0.0032174742,1.8605418,0.86711772,1.0622531,-0.75973898,2.6067509,-0.59023473,0.59007381,-0.90944421,-2.5938511,0.72164999,1.012953,-1.1601734,0.2473505,0.16330007,0.092048864,-1.5456033,1.4717391,0.78185813,-1.3820768,0.22291725,0.96270756,0.34765502,-1.4073404,-0.029168082,0.13365663,0.48944642,-1.6853152,2.0934723,-1.5240232,-0.69420689,-0.78301692,-0.050617955,-0.88355415,-1.4265693
33,88,1,-0.10067796,0.81034603,-0.53606244,1.7150838,1.7547692,-0.82547983,1.0408026,1.0104879,-1.0768112,1.1207005,0.72639779,-0.4945474,0.80279049,-1.8262643,-1.9331526,-0.14508201,-1.3094855,-0.21739657,-0.42227325,1.2534757,-0.82389898,0.59946834,-1.1252294,0.37468572,1.3110146,-0.0059966719,-0.68270667,-0.075592931,1.4768574,-1.8111442,-0.35963176,-1.9414245,0.50454696,1.3306134,-2.2247771,0.97057909,-0.67901634,-0.37751823,-0.89903225,0.90306652,-0.011926207,1.001762,-0.068289771,-0.9582671,0.90764352,0.84973202,1.8448223,0.5932529,0.10113323,-1.746848,1.4501944,-0.018806985,-0.90437674,-0.54123127,0.51095463,0.089927144,-1.3112247,2.2196088,-1.0068363,0.77745901,0.54595333,-1.3180785,0.31912841,1.3048403,-2.4810889,0.99295638,1.0790524,0.46250368,-0.4164433,0.85759616,0.10614887,-0.62053764,-0.42034109,-1.4996674,-1.0918312,0.066298347,2.106456,1.604475,-0.15834427,1.0085749
34,88,1,-0.19877184,-0.83058889,0.84514327,-0.37277212,-1.2310235,0.029872632,1.1703162,-0.33112852,0.55648346,-0.049109181,-1.9519695,0.0060155864,-0.037776017,0.11292163,0.79099363,-0.20059213,0.66792081,-1.0757117,-1.0930065,-0.5950342,0.2136877,-0.18554008,0.39049193,-2.3393021,-0.8537019,-0.0078873966,-2.4672761,2.0890844,0.89082338,-0.25623924,-0.5800166,-2.3044796,0.6932554,-0.23980279,1.3800616,0.0065169937,0.75176465,-0.1032784,0.19149501,0.012254939,0.089766389,-1.0811508,2.2598456,-1.237819,2.4220405,1.1409205,-1.4568916,-0.63985036,0.20611409,-0.38140869,1.1068572,-0.4824888,0.23777591,-0.026607365,0.23105651,-0.46342502,-1.5346917,0.35844792,-0.16216832,0.064702945,-1.3200205,0.83524465,0.03377523,-0.29839175,-2.7092296,-0.086998914,1.1625469,-0.83345049,1.5966839,0.13293792,0.46729092,-1.3006084,-0.77326955,-3.2319297,0.95415422,-0.8636925,1.085847,-0.10664705,0.20971544,0.64280021
35,88,1,-0.63463617,-0.15616111,-0.17314278,0.66877569,0.99441673,0.95984631,1.5548687,-0.9193841,-1.1052311,0.82500512,-1.2714183,-0.37384401,2.2787296,0.88558445,-1.0834122,-0.20459547,-0.24000096,-0.17188216,0.47495233,-0.00032370943,1.1699484,1.7663399,1.3311742,0.79055633,2.1407228,1.3521674,-0.5334217,-0.744582,-0.80421516,0.070098266,1.4169867,-1.962489,-0.83964014,0.8875054,-0.7955349,-2.0473017,0.64697982,-0.26562637,-0.19905092,0.97137097,0.68700761,0.11898341,-0.31272409,1.6118541,1.6175931,0.41731455,2.2381871,1.0691765,1.3407198,-0.024306662,0.23058636,0.61886352,-0.6938552,-0.96370345,0.14335902,1.486657,-0.97038641,-0.40370364,2.0105733,-1.7532151,-1.0453763,1.2902174,-0.13223357,0.1766631,2.2043236,0.98841509,0.24063863,1.307033,0.93158386,-1.5746186,-1.3608522,0.44230674,-1.4357778,1.2582712,1.855152,1.1019998,0.95441646,0.055919582,0.57097822,0.97782456
36,88,1,-1.4732825,-0.71070831,0.56053077,1.8605169,-0.61704204,-0.32278882,1.0077969,0.1801807,-0.61173482,-0.28775803,0.61545742,-0.26264294,0.014596814,0.52471464,-0.25410522,0.50154051,-0.10882598,1.1194386,0.4358005,0.85509815,-1.2175039,-0.48058107,0.81437947,-0.67320485,1.1823217,-0.14318731,0.69270748,-0.50421187,0.23523234,0.14991522,1.1973459,-0.80809044,-0.29394057,0.46060015,-1.0509696,-0.97391171,-0.30167909,-0.15200085,2.712442,-1.719932,-0.83708975,0.84205053,1.6804528,-0.35427626,0.59818179,0.043252473,0.17010589,-2.7341588,0.14181666,0.34278719,0.90286108,0.74764859,1.3792839,-0.58564546,1.0644522,-0.1875079,0.34495542,2.0372697,-0.068228392,1.1751059,-0.86594384,-0.15708124,-1.7225424,2.2773389,0.10613922,-1.2184857,1.4169175,0.69889501,0.86949976,1.7782826,-0.25949741,-0.63279795,-0.20840017,-0.31018702,0.40991817,-1.3653507,0.17422177,0.4614868,-1.0340717,0.28005455
37,88,1,0.30115475,0.39359884,-0.95510463,-0.077797446,-1.0765169,-0.19723594,-1.8011128,-0.23555144,1.3690904,1.6571873,1.6448847,0.045463681,1.1821001,0.51407043,0.37370146,0.20794872,0.65726851,1.0530305,-2.5932315,-0.14634796,1.4094687,-0.25282134,-0.22540883,-0.2848704,-0.93215962,-0.36333553,0.17932554,-0.34062523,0.46909308,1.8120542,-0.96804336,-1.8096867,-0.29050152,0.59413266,-0.25646908,0.43692656,-1.1916625,-1.1015121,1.3139179,-0.52721207,-0.68523101,-0.99108467,0.56193277,0.79298691,-0.41846001,0.83049285,1.5456757,-0.6535195,-0.62131738,0.85623908,0.13246748,0.23579447,-1.2366415,0.7796089,-1.2363741,0.08160831,1.3629177,-0.9478978,-0.79134964,-1.5265232,-0.73348195,0.027354811,-0.74981376,0.56399268,0.17916625,0.72130842,-0.38273766,0.13799401,-0.10140744,0.88927839,0.28499064,-2.0660252,-0.76218544,0.4861849,-0.24525958,-0.89937889,-0.70003886,-0.20169299,0.66782968,0.52588973
38,88,1,-0.89414684,-1.2517458,-1.2649027,0.3258452,0.4744438,0.23311817,-0.35288044,-0.42976998,-1.8061685,-0.60320151,0.037406805,0.3914847,-0.64507131,-0.70141382,-1.3101845,0.53750128,0.24344238,-0.63620307,0.7599592,1.9867514,0.1841212,1.0702755,-1.0005539,-0.42893967,0.89151526,0.41690505,0.2861101,-1.225249,1.2149889,1.6431147,1.0923185,0.95271446,-1.4308904,1.0263024,-1.0740213,-1.0329795,-0.48514516,-1.8515988,0.13520199,0.31397858,0.4656019,-0.6948636,-1.1228191,-0.42701329,-1.5629793,0.018496007,2.3564317,0.074533387,2.0405409,0.26275456,0.45894067,-0.14575143,-1.9289907,1.1595348,1.3182252,2.0351839,0.15553203,-1.1400349,1.1116833,-0.84067824,-0.232665,-0.26036209,0.61318798,0.22375187,0.91845532,-0.3781101,1.9272973,1.6872133,0.65243162,-0.70107523,0.32134414,-0.013405641,-0.54250302,0.47054309,0.36969327,1.5060539,0.19804959,0.88374938,0.30052372,-2.5172261
39,88,1,0.0072791899,0.20016556,0.50528504,0.41891783,1.6414224,0.36530507,-0.28990949,-0.56311228,-0.35207514,-1.2430376,0.60299603,1.4288587,-1.3282191,0.2977183,-1.3109539,0.14158985,-0.66104818,-0.46532212,-0.56632356,1.1922956,-0.10716431,0.044793773,-1.2805535,-0.79865543,0.093553296,-0.11076809,0.19605247,-0.11770211,0.284638,2.2820904,1.0027119,0.95080405,0.8875645,-2.0210633,2.0695705,-0.98637442,-0.089286644,3.0001201,1.9912212,-0.34337792,-1.0951637,-0.038150882,-0.1030117,1.7163327,0.70226352,0.74898117,1.7579017,0.060972123,-1.1008041,-0.34733491,-1.8779127,-0.2438641,1.6086092,-0.83201708,-0.072423975,0.39304513,0.17470216,0.55118487,1.0107788,-1.2311195,-0.27604003,-0.066581307,-1.0609733,-0.53870257,0.45289916,0.16067921,-1.7738299,0.38249936,0.60481494,0.29058556,0.72320343,-0.73239457,-1.0931403,1.0375951,3.1290837,0.60639501,1.1168848,-0.033300169,1.6358034,0.35353849
40,88,1,-1.0760527,-0.4343868,-1.1660091,-0.042902465,0.46977205,-0.60029456,0.030401681,-1.3691088,0.15508711,0.22021183,0.67414099,1.3459354,-1.8145815,0.82254487,0.46475981,2.2705809,1.659829,-0.9406202,-0.036908203,-0.53358185,-0.027157877,-0.57300979,-0.69926883,0.36492946,0.65163732,-0.44865856,0.11148154,-0.39200876,-0.52160943,1.5678025,0.76893861,-0.51637629,0.50503743,-1.8820733,-1.0802859,-1.2806667,-0.9072579,-0.62501255,-0.31952733,-0.084422501,1.4784816,-0.50072352,0.23778728,-1.792174,0.15889744,-1.8114776,-0.60486402,2.7065613,-0.056857628,0.39910834,-1.1129841,-3.0967115,0.19613431,0.33290876,-1.3097684,-1.0823262,0.11438564,-1.5537772,-1.0498481,1.1749146,-0.29079512,0.22373675,1.3332888,0.021650392,0.16195748,-0.35847687,-1.0365778,0.86385122,-0.84621458,2.0790688,1.3706076,-0.042287618,0.93424384,-0.64170237,-1.9803404,-2.6696857,-0.3167485,-0.49286228,0.16485788,1.0463196
41,88,1,0.10242997,-0.13183246,-0.64791067,-0.96479993,1.1959534,-0.40529171,0.52688288,-1.3673169,-0.78184198,-1.2113012,-0.79756761,0.56709441,0.89516418,-1.4097941,1.5218302,1.166333,-0.032530906,1.059851,-0.89507447,0.25269576,0.91791251,0.015888484,2.1033071,0.43550529,0.20278215,-0.24523783,-0.2637179,0.15753814,-1.0721076,-0.41031851,1.2054559,0.18443996,0.62034069,0.094606196,1.1011469,0.69927748,-0.89989256,-1.4522191,-0.39300047,0.26800947,-0.20559276,0.24956089,-1.2605414,0.28195067,-1.1779369,-0.18372081,-0.58853278,1.4679633,-0.78977675,0.74164333,0.48206428,1.5926764,0.80864606,-1.6020176,-0.79144682,-0.20590892,0.32522596,-1.6988862,-0.30080454,-0.59817826,-0.39177661,0.099235277,-0.24161565,0.32733369,-0.90553978,0.027973066,1.0565247,-0.27433398,-1.898866,1.5217174,-0.27757104,-0.089478963,1.3354524,-1.7874147,-1.0182819,0.12493098,-1.5667316,-0.49570728,-0.80621144,-0.2027496
43,88,1,-1.918409,-0.65000678,0.31287989,1.3639815,-0.11348648,0.40842119,0.038427799,-0.14785962,0.24087761,0.48221776,-2.8272725,0.57667737,0.5981442,0.26792425,1.42645,-0.23998143,0.83904014,0.98231305,0.9684708,1.275866,0.7149024,0.89293074,2.4286955,-1.0745855,-0.69299082,0.25531096,1.6484581,0.65440066,0.74918988,1.1629251,-0.095073336,-1.1163078,-0.60538814,0.92999593,1.0255244,1.8100197,0.11331382,-0.89829899,-0.85677206,1.3493294,-0.3357511,-0.48981139,-0.43706871,-0.045043876,0.1802031,-0.48303577,0.9002566,0.2776896,-2.3016834,-1.1586636,-0.73801305,0.93901239,-0.85084151,0.81070256,-0.55479328,-1.1085725,-1.1709148,0.22374943,-0.43574884,-1.1019927,-0.37874009,1.0894139,0.1679601,0.33823703,-1.8785706,1.4675173,-0.66817653,1.2324361,-0.44908279,0.72804152,-0.664217,-0.8360864,0.5921516,0.46699491,0.0085261668,0.9007921,-0.98548983,-0.44657514,0.58245295,-0.96663341
44,88,1,1.1472224,0.42971859,0.4361955,-2.1069876,-1.0843927,-1.7240732,-1.7921514,0.58469884,-0.27099891,0.60639433,0.9834906,0.20020162,-0.11764021,0.39826373,-0.10916817,-0.67453309,-1.8347065,-1.5002929,-2.3661773,0.16682437,0.11664808,-1.816438,-0.84532932,-0.2453139,2.1068319,0.89879804,0.29303695,0.016319555,1.5363854,1.1536848,0.17660722,-0.28053897,0.41801113,-1.7000363,0.33219969,0.64387082,-1.2078582,-0.036833893,-0.10129425,0.6858162,-0.47786149,-0.3763705,0.123309,-1.1965745,-1.35882,-0.53839094,-0.96699037,-0.61454072,-1.1766541,0.84151428,0.21573348,-0.36374114,0.063043635,-0.98896104,-1.3054654,-0.32836078,-0.60015506,-0.90898492,-2.4750455,-0.31403494,0.67747252,-0.38858124,0.90266879,-0.51793629,0.65498277,-1.3634037,-0.88280079,1.3887536,-1.6062556,-1.9691218,-0.051340676,0.076445011,-1.9427981,-0.39835378,0.90052802,1.9561429,-2.0810255,0.20792171,-0.37829359,-3.627975
45,88,1,-1.2145702,0.19045644,0.66397898,-0.12836854,-1.5774525,0.80451935,-0.42475387,-1.1599565,-0.34380176,-1.4399377,-0.01204687,-1.2965328,-0.76281503,0.23543801,-0.60861862,-0.18424816,0.13566257,-2.491759,0.44801276,0.93779248,-0.39856449,-0.26733798,-1.1527854,-0.73806786,0.038446424,1.5319162,-0.70516625,0.28146295,-1.2930694,0.58369577,0.29182356,0.0031847119,-1.2579369,-1.6350286,-0.38629266,0.93014731,-0.50890676,-1.3065061,0.74053125,-1.009678,-2.425157,0.75999537,1.5823069,0.454764,0.52342398,-0.6315551,-2.3399601,0.26923699,2.2331492,0.76037454,-0.22337431,0.49003868,-1.8408493,0.79667462,-1.1811184,0.27109705,1.240022,-1.7528336,0.42543482,-0.50620393,-1.1772177,-0.69098436,-0.96245153,0.71425082,-1.5591551,-0.19764165,-0.93645994,-0.83262564,-0.51477342,0.9539334,-0.28887631,-1.2613252,-0.7905585,0.58449496,0.49559944,-1.0786635,-1.0999167,-1.5420277,-1.0537123,-1.5859939
47,88,1,-0.4373054,0.66148371,-0.21718042,0.61813677,0.7903159,0.3922862,-0.16217894,2.2617534,0.4957193,0.70916206,0.62144633,0.4129523,-0.65856747,-1.0604304,-1.3074067,1.6025333,-0.95153355,0.246604,-0.44586471,-0.16112008,-0.34038054,-0.17228206,0.21914767,0.60571061,-0.45926662,0.21424881,0.9584191,0.76648489,0.51804417,-0.61470163,-0.12568186,-0.34132018,0.3169561,-0.21828105,-1.1123173,-0.43336186,1.417563,0.25579458,-1.61368,0.38977234,-0.076942433,-1.0423745,0.71222107,0.12137908,0.99104651,-0.88746853,-0.18552317,-1.083479,2.0438527,0.45704442,0.013432442,0.10975526,-0.34462509,1.3560891,-0.11932742,0.050745784,1.122932,-0.73168407,-0.16798383,-0.69931539,-0.75303564,-0.054836669,0.64818771,-0.53296715,1.2272064,-0.47215113,-0.25350614,-1.1846806,-1.5285471,-0.73940572,0.92725588,-0.65349004,-0.13935277,0.87411247,-0.40468419,0.6147337,0.19128483,-0.31560213,-0.93775504,-0.062244772
48,88,1,1.576811,-2.4388918,0.70791123,1.4912955,-0.47164241,-0.16231255,-0.018940028,-1.135856,0.664797,-1.3536954,-1.6781053,2.8136766,0.30170044,-0.17285469,0.02443952,-2.3073175,-0.79271549,0.5588775,0.87467184,1.5971408,-0.044748571,-0.44897223,-0.80379806,-1.1227705,-0.59805166,-0.40190082,-1.2875155,-0.75333814,0.63358001,1.3746877,-0.82334184,-0.69556532,0.023620359,-0.89722889,-0.63685458,-1.3865938,0.21786561,1.3080294,0.3234134,0.42428106,-0.15896102,0.29415625,0.48416157,-0.52162805,-0.23797256,-0.1375524,-1.2497065,-1.181168,1.3196303,-1.6429414,0.46300581,0.50020039,-0.58948227,1.6274601,-0.13835242,0.44999805,1.7217069,-0.12443605,-0.85608625,0.062827945,-0.099035931,0.50889263,0.65172491,1.0275144,-0.001874275,0.64939678,-0.090882799,-2.8182136,0.24188359,-0.65991177,0.30610879,1.395098,-0.14060586,-0.33722765,0.37314365,0.17773987,0.92607817,1.118495,-0.52469375,-1.7639179
49,88,1,-1.2973947,-0.73704217,-0.42412491,-1.4238773,-0.55913318,-0.16902184,-0.0097864111,-0.2726654,0.76281293,0.09127082,-0.59270204,-0.76555137,0.37521778,-1.5752092,0.84309637,-1.0546991,1.5444936,1.2514727,-0.3395543,-0.41418816,-0.35451897,-1.6095183,0.60317873,-0.49889004,0.25462166,0.079651019,1.1370695,0.91483866,1.346498,1.8931467,-0.10297924,-0.30829377,-0.161591,0.52807229,-1.8021856,1.3773064,-0.26934596,1.1194431,-0.61077866,0.35199127,1.6327176,-0.76361423,0.58511497,0.064683725,-0.37085201,0.22343375,0.30542598,0.92948444,-0.78281389,-0.73223087,-0.72589271,0.13885988,-0.65601462,-1.1980117,0.94785259,-0.19002028,0.68036754,-0.74242536,-0.92834333,-0.56334566,1.3392494,2.648079,-0.93084103,0.57169072,-0.72669517,0.20676758,1.9685101,3.4439115,-0.84651139,0.89579814,-0.018895362,-0.87701429,-1.5473238,0.29044257,0.092361604,0.012172988,1.0191124,0.47454827,0.24717889,0.8256873
52,88,1,0.0024397808,0.15247675,-0.50875064,-0.33461214,0.60088478,-0.51910508,0.83980978,-1.1718428,1.0591196,0.36370479,-0.056638599,-0.71111953,0.56253171,0.42695898,0.65927802,-0.0047406179,0.424155,-2.0183432,1.3454489,-0.86532577,0.4327473,-1.3233761,-1.2495525,-0.0025362738,0.26910374,-0.44377816,0.034878483,0.86946557,0.24621135,-1.0505959,-0.10337392,-0.81483955,0.16289795,0.044545148,-0.84713973,-0.47195719,-0.25320302,-0.14626048,0.22017376,0.50809122,1.3497999,-1.0296156,-0.42197247,0.28198078,-0.18210121,-2.2417785,0.38186602,-0.85977238,0.40235277,-2.0972948,-1.4149457,-1.4314369,1.2953822,0.2920692,-1.136844,-1.9979718,-0.52500899,-1.2270935,0.38774882,2.2443794,0.65949474,1.546196,-0.060591025,-1.0120678,0.42603554,-0.19126008,-0.76996862,0.47425071,0.86039078,-0.64625782,1.6245355,-0.56590943,-0.15266273,0.33035253,0.14220613,1.2387571,0.23651277,-1.5647029,0.58326123,-0.94202886
53,88,1,0.15336625,-0.45756874,-1.0447448,-0.64641704,0.97940079,0.70923231,-2.0114453,1.8345497,0.71770004,-0.77374118,-0.84986267,-0.29666378,0.50039076,0.13476839,0.26538152,-0.38157232,0.56030153,0.78691415,-0.78773766,-0.023191781,-1.7361624,0.076950222,-0.50668367,0.16266091,0.21419284,-0.14658206,-0.026272813,1.3339488,-1.2829696,0.77722991,0.057031722,-0.64332474,1.3154735,-1.3070263,0.40898096,0.70840928,0.25575691,0.41593687,-0.24763217,-1.9612516,-0.84156473,0.45477295,2.3423209,-0.23868213,-1.5272346,-0.34370189,0.5047955,0.03425893,-1.8456073,-2.4004096,-0.23552668,0.3686996,0.72749844,-0.35033248,-0.92662892,1.9396369,1.1105984,-0.040274068,0.14297194,-0.74747639,-0.23654791,-0.35068321,0.50629179,-0.90680094,0.37683217,1.1443735,-0.031729683,-0.65026592,-0.72158008,-1.1278139,-1.0501027,-1.8595664,-1.5982645,0.091293523,-0.38617899,0.43553581,-0.079189818,-0.46952689,2.1289731,-1.0365712
54,88,1,-1.0607458,-0.25682511,-1.7537775,0.58420911,-0.98266221,-0.58470236,0.37992446,0.69790126,-0.30947682,-1.5327206,0.70654248,-1.5757979,-0.67037291,0.079093565,0.32361217,-0.34108144,-0.66450644,-0.71177256,1.4442942,1.3439038,0.5717788,0.60197813,0.19536807,0.60822575,2.5090197,-1.6908144,-1.0615454,-0.047646597,-1.1544797,-0.53723508,0.11879382,0.97310511,2.1170429,0.14397711,0.41704124,0.54516364,-0.20566722,0.079655933,2.5593833,0.25977707,-0.74872043,-0.87227103,0.024773614,-1.1829997,-0.14455772,0.34515284,0.73914287,1.4442256,-0.44019575,-1.6012655,-1.6104039,0.52360053,-0.52931004,-1.1494539,-1.802637,1.4178425,-0.045047971,-1.7905602,-1.6424397,-0.47816884,-0.018102196,0.06019276,-0.20261559,-0.087591328,1.4651465,0.47268072,-0.11827019,1.6716467,1.206759,1.7101622,-0.83721112,1.2247745,0.71164722,0.48499928,1.8119984,0.52256125,-0.48070453,-1.1911986,0.094769943,1.3456765
55,88,1,-0.015446928,-0.74370543,0.96504359,-0.88740482,0.307487,1.0520401,-0.52454893,0.6416802,0.55757406,-1.7540397,0.87936518,0.20801754,-1.1188007,0.2888883,2.1508781,0.75946664,-0.59373373,-0.6197375,1.3180886,-0.20514199,1.0234931,-0.045675569,0.44484852,2.0790536,-0.56937454,-1.8218228,-0.62482724,1.5652261,0.078883641,-0.2898939,-1.4559022,1.200959,0.004323915,1.2740121,0.1073494,0.49223025,-0.69328258,0.51298991,-0.86873188,0.34195688,0.27031723,-1.1550846,-0.32848548,-0.85333627,-2.0564135,-1.4692572,0.53126759,-0.26115781,-0.81029388,0.52468482,1.1525387,0.46887721,1.1472869,1.7976112,-1.3449597,-0.58351728,0.84770421,0.29144633,1.2460374,-2.875963,0.11913817,1.2595622,0.61060043,-1.0377279,0.47006579,-0.74046746,0.11946083,0.48555081,-2.4963098,-1.6815453,0.31120389,-1.1512153,-0.24118893,0.057292384,-0.13430412,2.3813181,-0.54092545,0.83406791,-2.2612183,0.93381907
56,88,1,-0.6188045,1.0595175,-0.28848038,-0.80641318,0.52864525,1.0845845,-1.7173982,-0.32429787,-0.11595918,-0.53365062,0.024369917,-1.5793712,1.9320676,0.51492062,-1.8928893,1.3605235,-0.082904638,0.036510851,1.0540189,-0.75263754,0.040030917,0.2371992,-1.7103156,-1.4654368,0.47080264,0.19804954,1.689622,0.83590321,1.6370619,0.17770393,-1.1114274,-1.6174402,-1.1449813,0.15389656,-0.45419073,-1.8123283,2.1788414,-1.4221987,0.8344451,0.64013733,0.18110095,0.23497472,-0.068971585,0.29872561,0.53828524,-0.048726408,1.0326958,0.25302614,-0.20615672,-1.3619715,-2.077436,1.0429467,0.20205055,-1.3235976,-1.2237145,-0.70746575,-0.1639361,-0.73075199,0.70649823,-0.2768528,-1.4268201,-1.8779381,-1.3202202,-1.0563254,-0.18868728,-1.2400911,-1.7132031,0.12696737,-0.52173112,0.89544877,2.272051,-0.38904894,0.30411216,0.4363697,1.2413675,-0.22842079,-1.1341723,0.40648961,-0.0082458424,-0.65808043
58,88,1,-0.017107343,-1.1821851,0.88444555,0.47371829,-1.1384168,0.33382393,1.0124105,-0.036373496,-0.45259819,0.54261855,0.25262437,-1.6610102,0.22728456,0.82325833,-1.42318,-0.99367292,2.3728634,0.38266435,-0.43227037,-0.022640014,-1.0625,0.17548967,0.28480401,0.27547458,-0.73449065,0.34582466,-0.77424995,-2.3692307,-1.0906496,1.4342115,-1.138098,0.011068412,-0.14994124,1.0521098,-1.209005,-0.27875234,0.061521305,0.41977994,-0.25393479,-0.34855343,-2.1130283,0.88515362,-0.36072917,-0.22067309,0.79936587,0.45319168,1.3549979,-0.27437812,1.3547557,1.1014332,-0.052819106,1.4309652,-0.98590678,2.1863074,1.2311967,-0.11811094,1.793294,-1.4397832,0.4384496,-0.5952825,0.020285243,-0.54362505,-0.34670104,-0.73588671,0.10723108,1.5497087,1.0184394,0.64849941,-0.31063732,-0.10275462,0.84256908,-0.67982598,1.2515673,-0.77370705,-0.014441753,1.3530209,-0.82147043,-0.015637845,-1.3033417,0.71377749
61,88,1,0.9783312,0.80475527,1.3946851,0.041950758,-1.9790097,-1.2132957,0.83984398,-0.99073059,-0.62073751,0.76985047,1.0166673,0.12585552,1.5639531,1.0494501,0.30833491,1.043651,1.1053902,-0.18349955,-0.19379494,0.57895967,0.87721922,-1.3706299,0.092954375,2.1023274,-1.9694566,-0.16903967,-1.4086889,-0.81942294,-0.59678249,0.7697263,-0.61943701,-0.061336292,-0.97951724,0.73288765,-0.13387351,-1.6457737,0.35495767,-1.966031,-1.4514143,0.75429922,-1.3952669,-0.60745847,0.55243427,-0.75311892,0.33387163,0.64688149,-1.3283813,0.4418042,-0.19007229,-1.5819125,1.0841148,-0.76706875,-1.2058169,0.39753478,0.31726325,-0.75137625,-0.26214305,-0.29708125,-0.96070065,0.78232534,-0.37550134,-0.28041036,-1.1006185,-0.3699356,1.9594208,0.089758219,1.8152908,1.3351622,-1.0488707,-0.52890774,-0.57760851,-0.35628109,2.0787429,0.51704903,0.4516884,0.61460828,0.65919345,0.38197835,-0.35014533,-3.0687398
63,88,1,1.208724,0.79868737,-0.96162551,0.57566683,-0.84605586,0.64842741,0.29222537,0.92117856,2.5388014,0.001297373,0.35161509,-1.9610409,-0.093049504,-0.73849443,-0.5727654,0.83300277,0.54761879,0.48898309,1.0085462,-0.66337109,-0.023554667,-0.079729954,0.25639128,-1.8013792,-0.44268442,0.89309728,0.64638704,1.0947921,-1.278229,1.4897516,0.1364897,1.6297213,0.18733535,-0.1324393,0.57853749,-0.095085202,-0.30142507,-2.037873,1.0953876,0.30385665,-0.13115321,0.19872951,0.35762261,-1.1706458,0.91026107,0.40771731,-1.9589245,-0.95625856,-1.0255513,-0.24962946,0.94761369,0.72243939,0.84066355,0.12337345,-2.3726373,-0.34005719,0.23608301,-0.15087498,0.69807736,-0.19127394,0.94506132,0.73402951,0.37458597,0.81264619,-0.80146874,0.73214301,0.13600411,-1.477684,0.46984257,0.064594309,-1.2549418,-0.48629144,-0.63451503,1.0138218,1.1477693,0.94169849,-0.60355044,1.0380564,-1.0471867,-1.7234734
65,88,1,-0.1288978,0.94303964,0.55632543,0.33213816,-0.61777654,0.6754142,2.4607446,0.68637982,-0.37058925,1.0970703,-0.33755347,0.75470921,0.70586912,0.77538051,-1.4784101,-0.27495499,-0.40616016,-0.68009702,1.1462152,1.1852987,-0.42717268,0.24570614,0.099753143,0.96164462,-0.63618396,1.3300654,1.1829094,-0.3818493,-0.63836764,0.33987225,-0.4466971,-0.12449533,-0.29046445,-0.14761647,0.16915905,-0.62639641,-0.90141591,-0.20470829,-0.19925777,2.1362681,1.4926432,0.68478186,-0.66630308,-2.6665539,-0.87237168,0.50774026,0.91783159,0.3836777,-0.34127015,0.86528938,0.11674909,0.90827518,-0.81114886,-0.3681787,-0.76088439,-0.31733408,1.788493,0.76631977,-1.2556505,0.17257356,-0.07774254,-0.30203652,0.39436935,1.1302525,0.76525531,0.76225568,-0.60063971,-1.1065173,-0.051137321,-0.85471695,-0.21044384,-2.0998034,0.19398237,0.22072575,0.24715136,-0.17469112,1.0413471,0.088300755,0.41724621,-0.30869924
1,88,2,-1.290753,-1.1743599,-0.32195868,0.41266196,-1.4161616,0.84739804,-0.63777802,0.12054138,0.13603845,1.1360079,0.51338249,-2.5476349,0.24220567,-1.9455266,-0.0020912236,1.9734774,1.6346159,3.1581514,-0.11736802,-0.70518603,-0.30594806,-1.3431464,1.2538959,1.9471306,-0.078202042,0.57658204,-0.29399877,0.46051964,0.27752948,1.0810949,0.86933274,-0.29505702,-0.55852884,-0.35728758,-0.035926505,-0.98052736,0.39207863,-0.92921482,0.78373948,0.89578193,-0.31601653,-0.8973952,-1.4979351,0.90747374,1.2763414,0.5119296,-0.49423404,0.78062238,0.22799652,0.48479453,1.7914058,-0.42780274,0.60377772,-0.80702402,0.26087497,-0.70525603,1.1428449,-0.83913463,0.21913175,-0.30893402,-1.3589393,0.59399208,-1.276018,-0.32279075,-0.59462554,2.3085464,0.53444272,-0.2366031,-0.57417893,2.2613259,0.18245823,-0.34303523,0.61176851,0.14960583,-0.80483335,-1.3804169,-1.6386111,0.3646027,0.83159671,0.51375323
3,88,2,0.10204217,-0.17985554,-0.19242027,1.082947,0.43736943,-0.087941097,0.13073866,-0.14604741,-1.2522426,-0.013142744,1.6805786,-0.74435439,-0.35381687,-1.5272438,0.7954413,-0.42932713,1.8829435,-0.16312341,0.2601707,-0.46966967,-0.14907983,-0.52905268,0.54496735,-0.20909576,-0.61096411,0.23921318,-0.016798919,0.095269798,0.4850032,-0.77134129,1.1606303,-0.87897657,-0.66846011,-0.78588034,0.57386884,1.5160551,-1.7401369,-1.0168546,1.2844512,-0.12806553,0.63465716,0.3787725,0.72609631,0.60130093,-0.72871255,0.060368523,0.14180939,0.030274829,-0.40980447,0.32123376,2.2539431,1.2087151,-1.3868043,1.6732641,0.9469438,1.6234852,2.1566944,-0.80111399,1.7557391,-0.82294886,0.77496683,0.22866246,-0.33113002,0.075229096,1.0623635,-0.20925111,0.31573795,-0.5925337,-0.41032708,1.0780846,2.5434252,0.64361861,0.24168917,-0.090494855,-0.27064148,0.72258434,1.8104962,1.5275777,0.39367592,1.7756282
4,88,2,-0.042846421,0.64098627,-0.22006297,1.2985694,-1.5238396,-0.62238118,1.357664,0.86879146,0.38591637,-2.5215518,0.48408265,-0.09153832,-0.13769734,0.68629265,-1.0225719,-1.2358046,-0.0097178523,0.10129663,-0.49962031,-0.25967873,1.6935958,1.0625862,1.0407884,1.8551326,0.36683982,-1.7517899,-0.41793299,0.44502368,-0.087717021,-1.0154006,-0.501871,0.33423133,-0.28658082,1.3236637,0.63881482,1.1789972,1.1924368,0.83760983,1.0559251,0.89793788,-0.46934913,0.28224871,0.42214733,-0.56454115,1.4738771,0.61384242,-1.3123806,0.81044109,0.21713867,0.71666664,-2.5693173,0.075793538,-0.80608812,-0.48517596,-1.2402838,0.19290847,0.13371482,0.5763678,0.35845006,0.96451064,0.84977567,-0.023247958,0.21374867,-0.3427539,-0.18323132,-0.40599091,0.55407266,0.73046785,2.0071292,-0.73330161,-0.56395334,0.22623354,-0.59820845,-1.6232016,-0.86514755,0.67566185,-1.2457152,-0.57739234,-0.16051379,-0.71341842
5,88,2,-0.96048124,-0.83295368,-0.15082854,1.1673098,0.30238633,-0.88566545,1.5474462,-0.20799533,-0.52465422,-0.49858666,-2.6306439,-1.0427152,0.30668066,-1.4441538,-1.0094693,-1.8285817,-2.2000719,0.39032691,-1.1514684,-1.2636991,-0.84727051,0.28868848,1.5311603,0.014022853,0.84980837,-1.77565,-0.47773845,0.98768868,-0.48850738,1.0134782,1.2635389,1.9485907,-1.3133503,0.34144521,0.096174877,-1.045594,-0.75826789,0.14971575,-0.23342702,-0.1146414,-1.1875139,-1.5403474,-1.1736533,0.46408296,-2.8272602,-2.3291611,0.19263217,-1.0155011,0.84831647,0.42451581,-0.60956835,-0.33600159,-0.59949512,-0.24099368,0.65883405,-0.70163396,-0.99474431,-1.1373701,-0.85404635,-0.64540542,0.46860982,-1.1935919,-1.6564495,0.20076942,-1.4725154,0.098739684,1.4524139,0.8840483,-1.1467771,0.32642055,0.62407755,-1.3114963,-0.0060010145,-1.2718153,-0.29529814,0.6751889,-0.10083441,-1.6671255,2.2695365,-0.20775406
7,88,2,0.066804436,0.783377,-1.1930995,-1.5549206,-0.20986105,-0.811593,0.87832238,0.69091219,-1.2219312,1.3304615,0.46405349,1.3993024,0.88762888,-0.74053219,-0.11309029,-0.19197198,0.33740996,0.79829608,1.8244784,0.31266506,-0.68337212,-0.58254089,-1.1741708,-2.0573779,1.9289349,0.38660802,0.39052,0.59973458,-1.2568666,-0.70642024,-0.85335236,1.1630015,0.89706395,-0.092466103,1.6314752,-0.023257158,0.6094582,0.18470295,-0.96850652,0.0012815267,0.51148579,1.1589238,-0.17266849,-2.0212518,-0.58160576,-0.91732322,0.51480291,-0.00035080421,-0.10650448,0.49483564,-0.74629667,-0.0900181,1.7013286,0.53886809,1.2389235,-0.98442997,-0.51125838,-0.39500705,0.052350485,0.94338628,-1.7914341,-1.5971795,0.27944879,-0.29705002,-0.28875241,-0.65610549,0.61935823,1.226296,1.2594911,0.43304124,-1.6546252,0.45139569,0.73105843,-1.2536639,0.93805959,0.68883304,1.272244,1.8584963,1.3832461,1.5798423
8,88,2,-0.33073305,-0.59840802,2.7985683,-1.2090719,0.0059502367,-0.77601302,-0.18669358,0.79197039,0.27517583,-0.32484573,0.76763311,-0.55113217,0.1726926,0.14248749,0.32836158,-2.4561575,1.4493088,-0.2090694,2.0561634,2.0994149,-1.473777,-0.81776478,1.3105324,-1.2344516,0.8992133,0.6698215,1.2263222,0.57271825,0.9628626,-0.13986178,-1.0145374,-1.5532323,-0.34537237,-1.78095,-0.67377053,-0.68258932,-0.57733627,-0.76918362,0.20147157,-0.2931792,-0.72356979,0.35227199,0.86306058,-0.31605823,-0.00087799081,0.41063612,1.4741836,-0.0026989533,0.56631198,-1.0530054,0.34699046,-0.57237587,-0.64899512,-0.27378324,-1.0962723,0.095848915,-1.1404554,0.10450951,-0.30319801,2.1275147,-0.59195881,-1.8660469,-0.33209831,-0.95313924,-1.2640673,-1.2176427,-1.1108054,0.57311373,2.1584255,-0.08002517,0.13065668,-0.74967889,0.85819943,0.71670581,0.76648538,1.0200295,0.44108488,2.6792583,1.551491,0.56011716
11,88,2,0.80668506,1.312232,0.61875704,-0.76312922,-1.9142033,-0.05590217,0.66912732,0.62381535,0.18665174,0.03346118,-1.1394444,0.53348596,-0.61632341,-0.53950034,-0.64323882,0.16694448,1.3093611,-2.5981741,1.5738187,0.95099638,-0.4472433,0.20131527,0.03143203,-0.017820445,-0.81820152,-0.24196682,0.34030306,-0.29689727,-1.128942,1.7264423,0.26040065,-0.87482712,-0.37112617,1.3075173,-0.47766624,1.3503178,1.3037844,-0.66996067,-0.40265586,-0.32385674,-0.31275826,1.302527,1.5828895,1.353871,-0.17037121,0.3437656,-2.1457906,-0.73545056,0.76693734,-0.6395916,0.55899749,0.78130128,1.7569329,-0.73608798,1.0727652,-1.3450594,-1.4792154,-0.062871889,-0.078240972,-1.4929859,-1.9454625,-0.070985586,-0.41291316,1.022929,-1.1857848,-0.61856487,0.96056274,-0.52211446,-0.054453286,0.94401919,-1.2599413,-0.14140649,0.83363606,0.38568765,-0.023120021,-0.97984313,-0.12861446,0.58087481,0.90281369,-2.713011
12,88,2,1.768242,-0.54594408,1.0488605,-1.1347514,1.0576633,-0.40262751,0.4281496,-0.074919957,-2.1081393,-0.10473003,-0.071612311,1.3308493,0.73648999,-1.1744633,1.4673063,-0.25220097,0.71300463,-0.24564752,0.18709569,0.090027852,-0.64447852,-0.82824013,-0.082272432,-1.6331432,0.34947395,0.0073641538,1.6274036,0.089964826,1.2261371,-0.75330123,-1.9650553,0.40019167,-0.69953984,0.86490758,-0.32584529,0.59344057,-0.022727716,1.0940234,-0.51667288,-0.3618346,-1.3049124,-0.25715909,2.0995283,-0.04349604,-0.91028377,1.6456161,0.93935232,-0.029261074,-1.9595791,-1.1773572,0.93545878,0.56773679,-0.95374579,-0.21488069,0.067109844,-0.5290147,1.694901,-0.4212967,-0.16986287,1.8296654,-0.42756514,0.94979671,-0.025659814,-0.41579577,1.7559269,-1.339854,0.46001431,0.51096454,-1.5041766,0.62216398,1.1777686,2.2461227,-0.33822802,0.18243605,-0.28559807,1.2043365,0.45541965,0.14077079,0.92466947,1.3797443
13,88,2,-0.11728226,-0.33369887,1.072524,1.264255,-1.2132182,0.033591103,-0.65770251,-0.74280979,-1.2112446,-0.075423488,-0.58195976,0.28132078,-0.52592677,-0.18673002,0.32451775,1.1371423,0.0024472242,0.71159741,0.27806094,-0.085367604,-1.3751489,0.053117145,-1.0788474,0.22330637,-0.150491,-0.39822237,0.54794049,-0.27223261,-1.1150031,0.53130708,0.80632188,0.77329931,-0.1038966,-0.84742782,1.0249121,-1.3038766,0.5013912,-0.11342033,-0.48126013,0.13297811,1.5882416,0.20151715,1.2004224,-0.50376911,-0.94056535,0.19387741,-1.2388134,-0.099328109,-0.4001356,0.065178479,0.50634289,0.42188754,0.16968835,0.7896802,0.5281053,-0.66687044,0.34254102,-0.80121794,2.8322496,-0.69200447,0.11342858,0.50352843,-0.28746486,-0.26581211,0.54327376,0.10474989,-0.0013628152,0.084230685,1.364138,0.51608845,-0.77821253,0.078339005,0.30457286,-0.72939909,0.067121486,1.6451505,2.0549534,-0.86959309,1.0974536,0.68845604
14,88,2,1.5285247,-1.1652113,0.67187706,-1.4829478,-0.29704591,-0.1661368,-0.44340707,-0.98484313,1.0014242,0.45698124,0.89148604,-1.6861513,-0.33620853,-1.6141291,-0.55660644,0.03131602,1.2945089,1.7956755,-0.66526657,0.86650598,0.56045871,-1.5566691,0.11913987,-0.07914165,0.18245378,1.053251,-0.13787541,-0.13745573,2.2913882,-1.0854163,-2.0765674,1.1190854,0.64099093,0.088888364,0.038970696,0.65279822,-1.805096,1.5947369,-1.9538055,-0.44920549,0.028168084,-0.12500754,0.65779712,-0.07221793,-0.84637413,0.76262555,-0.33075412,-1.1406939,0.90219322,0.40340255,-1.4182021,-0.60849369,0.61073978,0.52233999,-0.52214165,1.6506679,-1.1941363,-1.291751,0.54682844,-2.8862905,-2.8852462,0.53084345,1.6366589,-0.31859351,-0.60296087,-0.34604872,0.88713553,-0.1939698,0.56918967,0.95686759,-0.47052622,0.62360227,-0.10442192,0.35920408,2.3366976,0.18800738,-0.74267523,-1.2463477,-0.67900828,-1.3498042
15,88,2,0.26781768,0.8545034,0.50039244,-0.5901937,0.40528464,1.0581112,-1.7191328,1.7660868,1.3022855,-0.19766235,-1.2059876,0.53311789,0.34172523,-0.377926,-0.6057054,-0.77296447,0.694179,0.36850383,0.38184533,0.30592827,-0.39060207,-1.0988644,-0.24272571,-0.57202033,-0.24301062,-0.67804114,0.39061286,0.22115362,0.66239476,-1.8791703,0.75224628,0.32520287,0.21311638,0.58982559,-0.020120707,-0.95688939,-2.2553472,0.64007282,0.42321303,-0.77614724,-0.55354486,-1.1284111,0.91391373,0.68561884,-1.1862104,1.3743914,-2.2056469,-0.51207888,0.29190433,0.79710628,-0.67122745,-0.64463032,0.043697411,-0.75055006,0.61847689,-1.6336249,1.3805561,0.87007399,1.8987939,1.4805653,0.53781401,0.44421585,-1.3999732,0.28721461,2.4071808,0.78939358,0.71276059,-1.3433159,-0.0049656795,0.83755567,-0.49918734,-0.16024155,0.22246227,-3.0347449,0.28938038,-0.189926,2.0176399,-0.37342546,-0.59730874,0.60355517
16,88,2,-1.9345008,0.054841263,0.34006958,-1.6751814,0.19709351,-1.1134096,0.60295837,1.2482204,0.37013261,-0.38514346,-0.71429597,0.32610384,-1.5009259,-0.73993152,0.19980685,-1.7478167,0.17745919,0.510542,-0.23390734,-0.76892041,0.4002794,-0.48955155,0.96546278,-0.31851921,1.0673112,-0.75955309,0.74807426,1.4632709,0.44981393,0.59510732,-0.95957789,0.010114796,0.36565995,-1.5893656,0.21167946,-2.0128481,2.5083831,0.32012803,-3.0389012,-1.0303351,-1.4854815,0.20350179,-0.97058892,-0.96253679,-0.22745338,-0.030176703,-0.47452378,0.57310258,1.1551995,-0.49123826,-1.2129752,1.3451432,-0.5855692,-0.7856882,-1.1202415,1.5713359,-0.32733095,0.68854197,0.55634885,-0.075664825,-0.02102633,0.65977618,-1.0232961,0.88898096,0.55134286,0.12024192,-0.24356618,-1.5942722,1.438614,-0.23600791,0.53864759,0.75751537,-1.3179874,1.1812814,1.7836111,-1.6914874,0.59649788,-0.42579301,-0.28016082,1.8450605
18,88,2,3.0871655,-0.69176667,0.59044657,-0.31744662,0.36841511,-0.49810738,-0.51383397,0.69045499,0.4238284,-0.11105522,2.2397909,-0.68046889,1.2878634,1.2107893,-0.27859438,1.4437663,0.33076524,-1.0607333,-0.4993152,0.34986082,1.5938358,-0.046252828,-0.28315172,0.018739262,-0.0050948994,-0.27332164,-0.89065101,-0.96793698,0.31933081,0.41141687,-0.86280043,-0.13250298,-0.44529209,0.16746959,-0.11096105,-0.1019667,-0.9804358,-1.2369984,-0.52848298,0.34580145,-0.51190104,0.3047712,0.48208701,-0.21798275,-1.6232093,-0.13767825,0.29096812,0.45865601,-1.9214374,-0.98123697,-0.5479357,0.31776549,1.2243422,-1.2677354,-0.53256307,0.09322274,-1.1563128,-1.5576836,-0.18127794,0.19130175,-1.4159288,0.38516509,-0.17365991,2.030165,-1.0205939,1.4450682,-0.83938761,-0.011468371,-1.1138882,-0.2602262,0.67373769,-1.530645,1.3878047,0.71542144,-0.73935018,-0.087280753,0.76302617,0.38372407,0.35800794,-1.6212187
20,88,2,0.55102065,3.2320946,-0.090518483,-1.2741813,0.23207367,-0.40672507,-1.0693712,1.5590134,0.11802006,0.75922974,0.28899516,-1.8516878,-2.4269563,0.29123415,-1.6392075,0.95644806,1.1579736,0.52942103,-1.6418194,-1.1187774,-0.63521593,0.040135005,-0.49865094,0.11203708,0.82854955,-0.70743008,-0.18919221,-1.1755815,-1.0532764,-0.69208698,0.11443954,0.61970435,0.088129136,-1.4965891,0.57510071,0.51925719,-0.37176675,1.5409653,1.6250138,-2.0200405,0.41461952,0.059905069,0.063818543,0.44497303,0.16087605,-1.1455878,-0.066930284,1.1534791,1.1957132,-1.2748564,-0.019534309,0.48976066,0.68589174,1.2623432,-0.17667399,-0.56328676,0.12624547,0.034789939,0.46030914,-0.78297123,-0.45616768,-0.48055082,-0.35682475,-0.51007267,1.2805147,0.62667182,-0.05570034,0.093888183,1.2590576,0.74119907,0.31749222,-0.61616584,-0.1034656,-0.26139494,-0.2881523,-0.22167685,-0.058772861,-1.6176767,-0.99052978,0.40186364
23,88,2,-1.6279217,-0.13574993,0.95171494,0.39041474,-1.1075374,0.0064413561,1.3709041,-1.1355352,-1.446438,-0.042428761,-0.7356822,-0.67438595,1.519431,0.30437661,-0.79578085,-0.26764776,0.39517509,-2.7964268,-0.05134415,0.07054958,-0.078482434,-0.65281718,-0.5681367,-1.4019583,-2.6386676,0.083336685,-0.94446499,-1.6328449,0.52637273,1.1765911,0.45320261,0.035223745,0.16961172,-1.1662922,-0.24893676,0.085517684,-0.97361756,-0.85894892,-1.0787474,0.42707592,0.18747328,-1.10746,-1.2600025,-0.43810399,-0.56216663,0.73356147,0.030349163,-0.21138831,-0.85029246,0.7899152,-0.28370994,1.0606443,-0.17830858,0.78904538,-0.69201024,0.54892608,0.21934017,-1.3889683,-0.22557219,0.77817512,1.4234894,0.70666289,-3.2409542,1.0904322,1.5230604,-1.3405229,2.2360819,-0.92443583,-0.20113547,1.2937937,0.41178269,0.19349279,-0.44765377,-1.2085844,0.08261231,-1.4982493,1.1552133,-1.3904669,-0.48297635,1.7328092
24,88,2,-0.034698817,1.5278554,-1.1941917,-0.4000692,0.50101729,1.0594975,0.16700162,-0.11694271,-0.02773839,-0.80561924,0.21955151,-0.39201748,1.539068,-1.9255108,1.2852319,0.67950444,-0.14055291,0.87879522,0.12600334,1.0931334,1.4590764,2.4489808,-0.82003439,-2.367476,-1.1364151,-0.31255215,-0.6789907,-0.79006021,-0.2726426,-0.57469099,-0.55124901,0.83634369,0.56325945,-0.11026023,1.8579981,-0.80583053,0.17002301,1.6892338,-1.4951136,1.2553808,-1.998334,1.7594278,-1.202648,-0.91941736,0.23161488,0.92048038,-0.021797768,-0.82589358,-0.55752763,0.50779255,1.8115132,-0.68544711,-1.0031875,1.0323412,0.43131904,-0.52203334,0.85719921,-0.48244861,0.92808231,-1.7225905,1.5037008,0.05177874,0.52170746,0.17391759,-0.52578779,0.43095695,0.45006756,-1.8049709,2.0231648,0.20066901,0.17003691,-1.1711647,-0.75297195,-0.24322205,-0.15555005,-0.15202771,-0.57700242,0.52714902,0.18018121,-0.40380525
25,88,2,0.74983614,-2.0461245,0.22124874,0.087135011,0.88465943,0.35349258,0.090562589,0.24832784,-0.040812897,0.66135535,-0.89875614,-0.023868696,-0.41564927,-1.8170807,-0.49434265,0.74196377,-0.11792686,-0.39870831,0.40984488,0.67921977,-0.6860113,-1.0463486,0.68884037,-1.0645253,-1.047853,-1.7918142,-2.1136489,0.28979137,0.035015282,-1.1827823,-0.1281589,1.8590298,0.46775096,-0.83116143,0.31652778,-0.9308166,-0.5427709,-1.2321898,-1.0252416,-0.28417784,0.70683192,-0.90527985,-1.7705675,-0.5914348,-1.1432835,1.0827005,0.12261566,1.7980584,0.31231678,-0.05128485,-1.2322266,-0.79852307,-1.512563,-0.12647614,-2.4804941,0.59796336,0.34932442,0.79859074,0.22753062,1.6542631,0.50836939,-0.2940794,-1.4089971,0.061984677,0.82249519,-0.27746576,-1.3712647,-1.5063522,1.5176743,1.2603963,0.32494339,-0.57591665,-0.52425768,0.12611902,1.0475979,0.20242662,1.922685,-0.55180152,-0.49626765,0.52818149
26,88,2,-1.0855189,0.40540647,0.9511524,-1.0635236,1.1535567,0.084031658,2.3470512,-0.86521545,-0.27984411,0.36358987,2.0889381,-0.83693467,1.3196516,-1.9518579,0.098999545,1.5375595,-0.077882743,-0.89162412,0.87803773,-1.4053226,-2.2507978,0.89238276,-1.3468502,-0.088790407,1.4169648,-2.0617288,0.27997151,-1.939228,1.1806478,2.2666967,-0.51655761,0.0010849938,0.19072091,-1.564279,0.6724346,-0.051492599,1.9641682,-1.5125757,0.54267596,-0.21505783,1.0813282,1.6280487,-0.57240304,1.8686084,-0.29747859,-1.0651945,0.26451897,-0.4875244,0.52685322,0.48388762,0.31110161,-0.80127501,-0.24676687,-1.8315789,-0.020829335,1.735457,0.62382511,1.0012709,-1.8221332,0.39389989,0.9146848,0.32731889,-0.6552183,0.66881571,0.22591865,-0.56349478,-0.66980831,-0.52710029,-1.1847199,0.38217779,-0.22324835,-0.57048987,0.20787953,1.0366943,1.4555414,-0.93427949,0.19324195,-0.46283556,-1.6201005,0.81324475
27,88,2,0.40463835,0.5276232,-1.0197512,0.41336348,0.54157856,-0.43433342,-1.4348157,-0.88883199,1.029157,-0.37324627,-0.96256029,0.32981734,-0.4448404,0.34072988,-2.651806,0.76716517,-0.058169696,0.98407164,1.5550837,1.4481285,0.10372859,-0.18560843,0.074143756,0.25081643,-0.98564808,0.20515883,-0.31003707,0.40528329,-2.0888761,-1.0501584,2.0767626,-1.6239016,0.22006991,-0.42791758,0.63479328,1.1565207,1.0694945,1.1569209,-0.50198072,2.3417269,0.87492078,0.58253085,-0.32508775,-1.9303016,-1.3389341,0.49769699,0.59151807,2.8414377,0.63535615,-0.32084206,1.1728716,-0.5497834,-0.22432675,1.327351,-0.40433921,0.011150772,-0.28039179,0.35901396,0.29844904,-1.617955,1.0630932,-0.57412876,0.015501022,-0.073144496,-0.64417754,-1.4963722,0.92791202,-1.0227556,-0.81487545,-0.015867848,0.03719074,-0.2898004,-0.01855254,-0.46051727,1.5692808,0.58641569,-0.082508336,-0.21027763,-0.88970889,-1.5319275
29,88,2,-0.90515247,1.2235425,0.93329426,-0.46080185,-0.0097862686,0.66403455,-0.8939888,-2.2587133,-0.25594679,0.1138042,0.31626246,-0.13637869,-1.5998879,-1.5958305,-1.5687159,1.4037182,-1.2701149,2.2759904,-0.11299719,0.34368132,0.13168048,0.81510848,0.68894696,-1.7182514,0.12809253,0.19045048,-0.47518337,0.4750972,-0.70146611,-0.51398845,1.3749328,-0.20955261,-0.40741643,-0.19587895,-1.111382,1.0232939,1.7253921,0.20970304,0.4857702,1.5738207,-0.31778742,-0.089638836,0.46338784,0.046563394,-0.52431522,-0.36721186,0.34666443,2.2163534,-1.1228103,0.97715433,0.76428754,-0.67793278,0.46270298,0.26495636,0.12376467,0.50085518,-1.1396579,-0.7965697,0.39587661,-1.2474696,-0.18678059,-1.3624186,-0.88105497,0.8848157,0.25751784,0.98092517,0.085961585,0.54181135,0.95140448,-0.58924751,-0.33183931,2.0453687,-0.46143102,-0.72874453,-0.085269494,-0.089445367,0.15341329,-1.9398051,-0.21039548,-0.15913418
30,88,2,0.34772944,-0.53721115,-0.89584451,0.11279286,-2.2011864,1.0446219,0.65602219,-0.45123489,-0.17063825,-1.867754,0.72533216,0.0043560839,0.44788412,1.515685,-0.11538005,1.1323307,-1.0629271,-0.99296747,-0.018637089,-0.20128648,0.91788622,0.319026,1.3026068,-1.0799242,-1.0788494,1.2851277,-1.04379,-0.59954242,-1.5829337,-0.93856666,-0.36332498,1.1779812,-0.74975725,0.35729633,-0.61707769,1.3335588,0.16851441,0.67681832,-0.20284898,1.3975084,1.3629712,-0.53325977,-0.64622607,0.41370155,0.95522694,0.75091301,-0.87558818,1.0116946,0.4098533,0.71452497,0.20750983,-0.83639408,0.89238928,1.3730418,0.5217531,-0.41753693,-0.2333582,0.420486,0.53888089,0.74720408,0.36656882,0.6648491,-1.314609,0.18442892,0.095222158,1.4622308,-0.045042613,0.085608174,-0.83759203,-0.39076715,-1.1713664,-1.1833126,0.27202634,0.14908949,-1.8646475,0.089356741,1.0843166,0.44265444,-1.0423581,0.29683197
31,88,2,-0.60452084,0.28716272,-0.76153697,0.53263219,0.090637033,0.69542045,0.63634937,-1.0117736,0.49990903,-1.8728773,1.5358592,1.5201163,-1.4782121,0.22780901,-0.51817196,-0.27119554,-1.0969662,0.33530968,-0.23188364,-0.012069613,-0.54207987,0.21392988,-0.41307555,-0.25724212,-1.1749829,-0.11348623,-0.92235662,0.7813898,-0.35703744,0.59286994,-0.18253113,-1.4290013,0.12376594,0.47081516,-0.26421004,-1.4514673,-0.28442878,0.11507247,-0.090162042,-0.10095139,-0.33528383,0.32430607,1.3661893,-1.3555354,-1.3449153,0.79105491,-0.45878037,-1.263171,1.3863397,1.0872079,-0.50055187,1.3668621,-0.88957684,-0.5815658,-0.12611326,-0.27122954,0.66929341,-0.13574408,3.7063685,0.30546955,-0.3583517,-0.1890282,2.7960408,0.080273401,0.41747933,0.24700064,0.13091943,-1.6853087,0.69795422,0.12908215,-0.28004399,0.62516936,-1.1795516,0.38175764,-0.31496964,0.62364502,0.68142446,-0.8776738,-0.17260928,1.6778722
32,88,2,1.1099997,-0.2493559,-2.2324686,-0.10430763,-1.8849178,-0.08573586,-0.74590881,-0.02495807,0.65429455,0.39844727,0.19235139,-1.2857882,1.5298188,-1.0717384,-0.47226024,0.37732246,-0.9534563,-1.9534268,0.95871667,1.3316851,1.1364412,-1.7423335,-0.23620483,-1.1073709,-0.083098831,-0.7033621,-1.1273529,0.025236004,-0.049346027,-1.5186344,0.14616094,-0.87348478,-0.47959552,0.22026413,-0.19943876,1.5792183,-0.10128539,-0.52441478,-1.3886288,0.69436174,0.80357128,-0.35428479,0.17137711,0.67170571,-1.7656682,-0.18883867,1.3428189,0.65102047,-0.89233856,-2.1048467,0.20635492,-0.17427143,0.96767651,-0.23485647,0.67629301,-1.2395937,-0.79134742,0.57361645,0.89230376,0.62797811,0.84527995,-0.74404775,-0.91305796,0.40823588,-0.5226126,-0.75293945,0.37244156,-0.46454163,2.1395569,-0.13131107,-0.10038913,0.51683713,0.23280852,-0.15882852,1.0773939,1.2742414,-0.57905359,-0.12544206,-0.65300086,0.6031928
33,88,2,-0.7386927,0.65144255,-0.049483297,-0.97246157,1.0284129,-0.49246248,0.26454489,0.41266659,-0.072029474,-0.52694007,1.2375799,-1.1048976,1.4862594,0.28631871,-1.1792548,0.40466767,1.4668558,1.540322,-1.4003682,1.2866203,2.9405621,-0.16826148,-1.1700718,-0.061203161,-0.084008679,0.75459575,-0.25865907,-0.20323056,0.42737973,0.49965516,-1.4548042,-1.9861,-1.2316565,2.5709737,0.53970749,0.38965386,-0.23246861,-1.1602364,-0.49506877,1.0322746,-0.35879416,0.58038563,1.0025373,0.48983799,-0.54919912,-0.71833133,-0.1250102,-0.45076612,-0.10837507,-0.20891574,1.4598459,0.24911321,0.22350846,-1.4595619,-0.087787289,0.12673837,1.6853035,0.73751199,-1.0076028,-1.7198255,-0.17822046,-1.4214498,-0.31671163,0.80847163,0.38240997,-1.2430977,-0.36838664,-2.3871814,-0.16400904,0.32375739,1.1580542,-0.53279014,-0.71430971,1.2340149,-0.057809529,0.091735962,1.1264653,0.22390706,-1.7607111,-0.52189129
34,88,2,-0.61633892,-0.91019533,-1.1891027,0.69370015,-0.40167682,-2.0090609,-0.29678052,1.5369018,-0.41366401,-0.55902269,-0.70907757,-0.21116957,-0.25910385,1.6271455,-0.029441493,-0.053331893,0.45300548,0.40141119,0.69600559,0.3969107,0.77182901,1.6835678,-0.21177114,-0.81102575,-0.73013277,-1.1392826,1.6723244,-1.705641,-1.5725483,-0.80969183,0.011378552,-0.17745255,0.93637153,-0.18861018,0.26664147,-0.64376937,0.49593711,0.79600399,0.21419432,0.1224652,-0.39930338,0.92569532,1.9209511,-0.451587,0.75622455,-0.13510233,-0.26239611,1.2213679,0.01278985,0.2842595,-0.46124571,-1.1622301,-0.34041004,1.3322782,0.45415136,0.87702112,-0.47317147,-1.2549165,0.089769548,0.10569554,-1.5913956,-0.36455178,2.3473992,-1.9520204,-0.30497226,0.89889356,-0.7178214,0.7397291,0.49150721,0.66894211,-0.65299125,1.1448004,0.61724717,-0.27164417,0.56775187,2.3347412,1.1720913,-0.4904624,0.42866509,0.2089468
35,88,2,1.3566808,-0.77658907,2.2226172,-0.70478846,0.050634691,0.60965723,1.6322966,1.1091661,0.31576676,0.87768502,2.4837787,-0.30601772,-0.90455833,1.6478918,-0.67524754,-1.1007419,-0.33694789,-1.1206306,0.86856541,-1.0422518,-0.14347289,2.7534373,-0.92272935,0.036466525,-1.7575116,0.97301267,-0.30622949,0.73090903,-0.24075833,0.11563151,-2.0597472,0.15733981,1.1313084,0.036334868,-1.3577173,0.024484515,-0.87937382,-1.0575138,0.67811973,2.2679423,0.3360148,-0.8063666,-0.50198044,1.1761696,0.87164077,-0.31648398,-0.067042496,-0.32254718,1.2772233,0.54891917,0.36894623,-0.78158598,0.2002453,1.2035913,-1.1459134,-1.2522116,-1.1851653,0.54774102,-0.0020800428,-0.74274959,-0.5274376,-1.1619783,-0.69852298,-1.8916549,0.86618291,1.0560947,0.99910613,-0.86646908,0.017887481,0.15661389,0.31998226,0.39813487,0.82905758,-1.2584549,1.6793542,-0.95232923,-0.9102914,1.7945724,0.65193532,1.231763
36,88,2,-1.1713887,-0.45946089,-0.87896186,-0.18868456,-1.175702,-0.22890959,-0.54100417,-0.14765764,-0.48656306,-1.1987915,-0.22916886,-0.12741441,1.9003957,0.67919537,0.040250606,2.2622328,0.3415515,-0.4946871,-0.56888358,-0.057587188,0.66143772,-0.44353188,-1.3144366,-0.37175964,-0.17934202,-0.60603156,-0.11192163,0.25029677,0.64173191,-1.1745076,0.46873537,0.54898456,1.812992,-0.57250287,0.093506794,-0.31608344,0.55062891,-1.1325772,-2.3123852,0.46699941,0.54513561,0.510997,0.60841641,-0.22840261,0.21992704,-0.61690382,0.81197798,-0.090408628,-0.77322744,-1.2455686,-0.14489555,0.46465746,1.3389432,0.83070291,2.2152808,-0.41937449,-0.24542751,-0.25061707,1.7759393,-1.3106051,0.92027769,-0.18703931,0.24978647,0.75362574,0.80144601,1.8491929,1.6358407,0.14709932,-1.582139,0.53622108,-0.15774281,1.9677337,0.36305341,1.462024,0.24622901,1.7197442,-0.13804948,0.22316372,-0.069417275,0.37163129
37,88,2,0.6412096,-0.58304583,0.23411577,1.2932745,-0.62705977,1.6116048,-0.33490058,0.012709209,0.45917165,0.9828357,0.26701716,-2.237661,2.064482,-0.97365778,-0.46471394,-1.8859564,1.2114584,-2.6276289,1.0751121,1.320112,-0.7144982,-1.9298353,-0.13845668,0.48524956,1.0015313,0.5871176,0.49212884,0.5077923,-0.96102701,-0.26151068,-2.0008007,-1.2484559,-0.38995358,-0.072723817,-0.66256591,0.49596286,1.9188067,0.11670647,-1.37042,1.2123508,-0.85840264,-0.75186134,-0.58920469,-0.3325307,0.6287836,0.57856437,0.59355569,-1.7086962,-0.059820136,2.1416634,-0.17892546,0.63152496,0.48321259,-2.00758,0.37942536,1.100315,-0.4101178,-1.438166,1.2510299,-0.18352059,0.55026098,0.68764629,0.46928271,1.4906342,0.52144755,0.3480246,-0.44738959,1.0344372,0.50826955,0.84687225,1.6268297,0.85980751,0.31674999,0.56243002,1.357099,0.93978368,0.3866724,1.8320439,0.4227441,-1.3912614
38,88,2,0.56780356,-0.36480284,0.49769656,-0.99824611,0.53468373,0.32485253,1.3149397,0.19685837,-0.87531432,0.83095978,1.4254042,-0.50444073,0.27819503,-0.72836486,-0.32651755,-1.0865221,-1.785702,-0.8856605,2.5662892,1.3002222,-0.80262496,0.10882718,-0.082219387,0.42210238,-0.074282,0.77466669,1.3267755,1.96314,-0.0021986469,-1.1332493,0.20395099,0.62675275,0.53898932,0.92233198,1.2930198,1.2287775,0.89584308,-0.77185254,-0.15839783,-2.290766,-0.53142711,-1.097549,-0.179801,-0.33258921,0.2626486,1.5744067,-0.58331137,-0.90399175,0.058313596,1.1692261,1.5797571,0.41808083,-0.55954461,-0.095039746,-0.48949259,-0.28295016,-0.18872667,0.0063411115,0.13373529,0.29385039,-0.071614353,0.75049395,1.0749253,0.31164969,-2.5074561,-0.3920955,0.064203506,-0.87394908,-0.74150867,2.5934045,0.69807603,-1.5211148,-1.1573233,0.40231104,-0.37268465,1.6073169,-0.30883452,-0.79142378,1.7564909,-1.5055556
39,88,2,0.91944476,-0.25271404,0.47385409,1.0749896,0.78280882,0.63600867,2.494596,-1.2350448,-0.60724917,0.76021138,0.30438474,0.39422161,-0.59219797,1.583639,0.095763327,0.35408057,-1.0251604,-2.1996331,0.71699935,-0.47605642,-0.2811918,0.78533707,0.077322388,-1.085111,-0.42852917,-1.0570669,-0.69164778,-0.10559133,1.0843713,1.3458034,0.29172899,-2.5204858,1.3431687,0.49967713,0.31729198,-1.9549024,1.497409,-0.44843515,-1.5538161,-0.11349173,-0.58672348,-1.0557793,0.15606441,-0.59936534,-0.81260115,0.16782942,-1.0563784,-0.50869918,0.6635779,1.2911083,-0.44019435,1.4588773,0.29632936,0.40663024,-0.18900941,0.033028866,0.91102607,-1.608262,-0.0855569,-1.1023152,-1.51773,0.29931165,-1.0249113,-0.51413473,0.93653599,0.23888377,-0.080247196,0.38954273,0.45878751,-0.025933847,0.26388706,0.086560086,0.5127239,1.5799528,0.89778459,0.17033635,-0.26575813,-0.52386367,-2.2627583,0.040293573
40,88,2,0.10933812,-1.2647981,0.63659779,-0.7201223,-0.21960152,0.44719927,0.56781597,0.76958101,-0.56504922,0.53929973,1.1311791,-0.24865233,0.49040169,-1.0618671,-1.7273935,-0.91463218,0.076300609,0.42579124,1.0861617,-0.71675966,1.0869503,-0.11542513,-0.97956296,-0.89345127,0.10921449,1.218818,0.90146914,0.79787248,-1.030824,-0.86940629,1.3938455,-1.0578367,-0.88084457,-0.5302539,0.28564831,-0.23893093,-1.0188963,0.19801288,0.53728392,0.87414114,-0.24395129,-0.31231873,0.63054916,-0.67013557,-0.85278334,0.13142963,-0.93085278,1.1046147,0.83847172,-0.73365783,0.40538063,-0.1231954,-0.59513907,-0.81236746,-0.20701231,1.7698991,0.23451826,0.16579301,-1.2552532,0.22806672,-1.0887419,0.29395354,-1.850054,0.82723699,0.25067664,0.36907108,1.8343701,1.1969526,0.38827542,0.080827705,-0.90181413,-0.86629098,1.1473372,-0.21532752,0.51465496,-0.11869625,0.87891112,0.51888115,-0.82126869,1.0867244
41,88,2,0.44147952,-0.62370149,-1.9475152,-0.37104539,0.87011697,-2.0434731,-0.1992612,-1.4298825,-1.0133286,-0.98138828,-0.40824964,0.4553405,0.16361271,0.63908938,-0.74135794,1.0598185,1.2999023,-0.21579536,-0.18515077,1.9391147,2.2592031,-0.094055579,-0.64136916,-0.99960657,-0.05427773,0.28723923,1.2082173,1.1315713,0.51379537,0.35952664,1.1656381,1.3890388,0.94985263,-1.2609006,-1.5747195,0.3968303,-1.2001883,2.3242329,-0.36806135,-0.35133982,0.91957008,-1.6077347,-1.4414914,-1.0508756,-0.56624812,2.5717985,-0.3075787,1.0064033,0.99670792,0.5130117,1.9168666,-1.6195106,-0.9979293,-1.0333514,1.1188264,-1.4546825,0.86719411,1.1540876,-2.4975683,1.6095636,1.9494036,-0.34894808,0.037014648,0.36020328,-1.7622131,0.72308329,0.50891735,-0.54536035,-0.37697196,0.23943158,0.39408327,1.9556232,-0.91825251,1.322108,-1.9247997,1.2704171,1.5078052,0.9199067,-2.8356533,-0.052457374
43,88,2,-1.6338826,0.82585607,-1.1900524,-0.14412836,0.7957871,-0.56706162,-1.2245609,1.1971879,0.9292514,0.51264609,-0.97414682,-0.59777356,-0.055205354,1.4018933,0.21192833,0.40276821,0.82741032,1.685376,-0.77352007,-0.3301947,-0.78724334,0.54586006,-0.0031358852,0.0037196941,0.08492822,-2.2076634,1.7568484,1.131366,1.8847101,-0.95113849,-0.25999509,0.058727969,-0.030423424,-1.5051371,0.21546823,1.2906655,2.8323182,1.5487736,-1.4580745,-0.065668199,2.1912497,0.65182097,-1.5237047,-1.148558,0.809349,1.0031204,-1.0580754,-0.71369494,-0.96124252,0.2236955,-0.3625479,0.73395871,0.134478,-0.70254166,1.0311525,-0.15340497,1.5195314,-0.78407442,1.2325861,-0.68416648,0.28210356,-0.20113294,-1.1237633,-0.4802064,0.2514357,-1.3884413,-2.2960711,-0.23182966,0.80034525,-0.36828448,1.0470867,0.61758879,0.68173509,-0.93150039,1.1431657,1.1960508,1.2665356,1.4214039,-1.0434172,-1.1909962
44,88,2,0.74170394,-0.041793858,1.5074476,-1.76437,-0.57933996,0.44792769,-1.2427272,1.6858678,-0.68799657,-0.65746606,-0.6445207,-0.69213031,1.120107,0.071664631,-0.79170872,0.63108466,1.1961488,0.40926656,0.2891661,1.7211925,0.78927991,-1.0599526,1.5837445,0.84006224,0.60816324,0.2620093,0.11526452,0.28375851,0.053928782,-0.77445447,-0.71846816,0.059095992,1.6056334,0.065892798,-0.057772311,1.9497381,-0.25688149,0.15269721,1.0035129,-1.6009506,-1.7524442,-2.2541059,0.74821378,-0.30260167,1.185881,-0.67454144,-0.07794588,-0.37951265,-1.1124286,2.4280023,-1.4831941,1.1849178,-1.575692,0.59722931,0.37152906,0.53737016,-1.4298701,0.79156219,0.16427731,-0.19763841,1.4633965,-0.19539487,-0.1946098,-0.7652828,-0.49647166,-0.3227812,-0.91699485,1.713067,-0.086639077,-1.08572,-1.1098641,0.37034693,-0.45651322,0.38655404,-1.7094011,-1.3306108,1.8984468,1.3223949,0.17361351,-0.8650988
45,88,2,0.18584108,-0.353366,0.23308247,-0.86318954,1.656115,-1.0053563,-0.33959388,0.62384967,0.50450902,0.41450455,0.94026928,0.70517689,-0.32066581,-0.26356055,-1.2478232,0.44434226,0.66361349,0.83147588,-0.92212592,0.13489362,-1.354165,0.73888956,0.78435819,1.9540701,-0.48341943,0.47529496,0.079584644,-0.45003274,-0.57862248,-0.40004869,-0.91903309,0.29503023,0.51261971,-0.7875556,1.784318,0.78115686,-0.087419505,0.41389212,0.10296135,-2.2305864,-0.10943947,-1.2334418,-0.33192831,-0.66786035,-0.44863295,0.00024441602,1.0377762,0.45329379,0.37498505,0.47956911,0.77848322,1.9408034,1.7989096,-0.30480484,0.89287923,0.68736142,-1.4766599,-0.42936031,0.064106919,2.6422615,-0.72531793,0.82789145,0.44088882,-0.033882775,1.6271312,-0.22809159,1.080645,0.8103553,-0.34334054,-1.6363386,1.0257403,0.34930681,1.6291098,-0.015149172,0.2946169,-0.28932511,1.2782374,1.2145118,1.7523554,0.1382453
47,88,2,0.25348213,-0.62981368,0.8854032,1.1944115,-1.7049539,0.83727407,-0.27218595,-0.84607245,0.050927345,-0.014517701,1.0308194,0.63165446,0.17648627,-0.059243573,-0.4638073,-1.4740498,0.093139195,0.7906081,-1.7481865,-0.05499533,0.97307211,0.14868238,-1.2132185,0.060368998,-0.32056072,0.34073201,-0.86750968,0.77823272,-0.53215048,-1.515777,-0.51125802,0.57114192,-0.14503375,1.4418558,-1.0946039,-0.53546291,0.50741448,0.47860184,-0.74977078,-1.6754086,-1.1918657,-0.11102542,-0.20410215,2.627989,-1.7929532,0.48008652,-0.79738303,1.5494952,0.87987802,0.084861308,0.74520881,-0.021445862,0.04770555,0.057190528,0.78366001,-1.6567306,-0.77865696,-0.18623818,0.34247282,1.1336364,0.734491,0.98108233,-0.5907709,-0.77413773,0.12027771,-0.77727368,0.36580549,0.6449768,1.2713499,0.21729619,0.84242396,1.1117478,-0.34693139,0.042187863,-0.92236419,1.0539555,1.3116517,2.4313161,0.73713401,0.1019115
48,88,2,-1.4517187,0.50718744,0.13894251,1.3119837,0.76224188,-0.38164372,0.26050599,0.96291185,-0.1098408,-0.12933362,-0.16914176,-0.44816216,0.25498363,0.2018527,-0.75659605,0.055118457,0.41698261,-0.44216475,0.80245978,-1.6179441,-0.53833245,-2.2127488,0.54764472,-0.17821048,-1.1636106,1.3614616,0.6621792,-1.1872883,0.22642103,2.1170101,-0.82580821,-0.47056112,-0.37835807,-0.40250892,-0.42202486,1.7933318,0.37934362,-0.76299836,-1.302106,0.62038321,-0.39595623,-1.070134,1.9524049,0.14236175,-0.52963424,-1.4748539,2.478606,-1.5999708,-1.6584573,-0.017666897,-0.049178536,-0.26695386,-0.62132139,-0.6861604,0.17744621,-0.011901544,0.46255919,-0.46340789,-1.6100641,-1.1121001,1.1032948,0.33884079,0.87112556,0.5580592,0.89168052,-0.43945446,-0.33954229,0.42118403,-0.30284283,-0.85273634,-0.76753655,0.2086591,1.8143923,-0.18743464,1.6303874,-0.14481568,0.028863164,0.20918439,-0.70083841,0.060315891
49,88,2,0.074858435,-0.33807762,-0.051121509,1.2056577,-0.45345252,0.11701948,-1.0886995,0.7020265,-0.44599445,0.66356193,-1.1217558,-1.0735026,0.72898336,0.63470527,0.96009763,-0.29382138,0.61654809,-0.58349658,0.61973386,-0.82324594,-0.26908115,-0.55373711,-1.3530308,2.1299536,0.0015394248,-1.1143486,-0.97544137,1.6910225,-0.17300785,0.72432486,-1.4357868,0.37637231,-0.80016794,0.91734793,0.098659661,0.86545781,-0.20542453,0.34033871,0.72889008,1.6786672,-0.72722033,-0.27801808,1.4733318,3.041591,-0.017846285,-0.55830517,1.3234809,0.44951966,-0.40406249,0.2831505,-0.65924362,1.2436182,0.050547697,0.39566454,1.8069853,-0.2335069,-0.69102765,-1.5360276,0.73073936,0.26173297,-0.75851962,0.43818747,-1.4469918,2.6539265,0.33669489,0.14161854,1.617575,-0.25442803,0.62492293,-0.42721358,0.034528478,-0.26110122,-0.16517615,-0.10157325,-0.34745504,0.47762881,-0.85611733,-0.44050229,-0.34750421,0.022150093
52,88,2,-1.0768131,0.88486553,-0.11460854,0.31325982,-0.82210524,1.783591,1.0707129,-2.3878118,-1.2550094,-0.25848297,0.6017421,-0.03306418,0.0098002017,-1.2716819,1.5570554,-0.052037837,0.20641598,-0.96033787,0.48346619,1.1786318,-0.7076677,0.46113679,-0.26138607,0.57988338,0.3721422,0.61324191,0.038418329,0.99030738,0.28991777,1.3898488,-1.0731591,0.28846296,0.33248555,0.99081675,0.23524972,0.41475329,1.1052604,-1.1796357,-0.50389591,-2.1156337,0.72584152,-0.087806087,0.86920804,0.69024278,-0.74961741,-0.36516943,-0.19840325,-0.29281601,-0.31097556,-1.1676022,0.47655388,-1.4893393,-0.58295742,-1.4004582,1.1773555,-0.27800452,-0.51218108,1.1094715,-0.70982989,-1.7030638,-0.55583736,0.095760618,-1.6594021,1.4154087,-0.20379725,0.47304895,1.0950734,0.043253533,-0.22466116,-1.4236233,-0.20725192,0.73539737,-0.30338297,-0.12576646,0.64365225,-0.70625329,-1.4279173,-0.4877179,-0.89582862,0.25441188
53,88,2,1.3264712,1.6422589,0.095765375,0.27636472,-1.4672695,-0.26936425,0.92159001,-0.47629921,1.1296184,-1.6730705,-1.2385167,-0.85878503,-0.08516514,0.35427329,-0.67578223,-0.79455018,0.29885503,-1.5045281,-0.39462102,-1.0864596,0.092411417,-0.65693154,0.69022551,-1.4645774,-1.1868018,0.77074194,-0.22000224,2.1324228,-0.73235522,0.21403941,-1.4226826,-0.23387779,1.716537,-1.4263168,-3.0188626,0.18741985,-0.28660652,-1.366095,0.47177813,-0.91164254,-0.054835618,-1.6641341,-0.48895795,1.8602484,-1.1716687,0.10896818,0.69133125,0.17153645,-0.4393079,0.062865322,-0.33041113,2.35584,-0.15425637,-0.26577834,0.39908358,0.49798391,-0.1497121,-0.26290044,-0.65768718,-1.6934443,-1.4849972,-0.81582364,-0.060710628,0.40398322,-0.25565541,1.1561671,0.66754425,0.020374366,0.090709216,0.61730511,-1.4071985,1.6526341,0.22245255,0.099853186,-1.073418,0.71960113,-0.017852086,-0.77478657,-0.2101816,-0.41606104
54,88,2,-0.35708188,-1.485023,-0.4588392,-1.9492082,-0.5774224,-0.52683822,-0.49332511,0.20281652,2.4116744,-1.6644317,0.62328323,2.2788817,-2.205954,-0.030145973,-0.96697574,-0.93691071,0.26898195,1.0452323,0.35899718,1.4868464,0.73280861,-0.95559527,1.3568906,1.4521892,-0.12496152,-0.70613502,-0.9651822,-0.43710228,0.16798292,-0.091697467,-0.67519835,-0.97293525,2.2552365,-2.7151809,-0.017258253,-1.5058882,-2.2067467,-0.67962478,-1.6462695,-1.8283328,-1.6849855,1.9807679,-0.2389168,-0.65580263,1.8580172,-0.32177419,0.61055671,-1.9571969,0.69881398,1.7167039,-0.05359932,-0.99321326,-1.3732009,-0.32753634,0.75981775,0.34819412,0.70876825,0.52788952,0.6004947,0.67361816,0.97314077,0.15280224,-0.96043016,-0.29364539,1.0728176,1.6746954,-1.6326677,0.48094813,-0.061850854,0.20329426,-0.112351,1.3323351,0.47358949,-1.0244538,-2.6228377,0.85210449,-0.39703325,3.3342054,0.68128264,1.2293205
55,88,2,0.72644156,0.014345196,0.95536828,-0.26602101,-0.5225083,0.38732181,-0.96564002,0.31281135,1.6545208,-0.65444759,0.59427039,0.66104634,0.56749287,0.8966351,-1.1425616,0.14964148,-0.52759757,1.4065363,0.98182172,1.101454,-0.95007531,1.3984574,-0.3330735,1.3471996,-0.26676213,-0.99679724,-0.047203867,0.73076496,-1.8678398,-1.0223405,0.38640213,-2.1003507,1.2613349,2.0756262,-1.0190639,-1.0660913,-0.53797668,0.91974727,0.51318476,0.74500939,0.2958099,0.9524205,-0.012855818,-0.50345543,-0.79570618,1.2310977,0.93793316,-0.65181688,-0.23615371,-1.49228,-0.0051364274,0.78352805,1.8956636,0.70884381,0.29401902,0.89350827,1.6863901,-0.50187599,0.16643046,-1.3006203,-0.90048508,0.73545232,-0.91498506,-0.093308528,-0.80338167,-0.82985633,0.99838265,0.42757747,-0.65308218,0.0038070208,-0.13855631,-2.5989517,-0.99199769,-0.60081007,2.0806793,1.3152947,0.43466002,-0.29653048,-0.49795443,-0.22844926
56,88,2,1.3353348,-0.65890591,-0.06154102,-1.3729971,0.52885485,1.3134591,0.75569497,0.92374834,-0.1582294,-1.071764,1.4546587,-0.51253711,-1.2274504,0.01507813,-1.2620606,-0.049965434,-0.93313268,0.6773043,-1.4058911,-0.18509147,0.4216396,0.36625895,0.72020611,-1.161273,0.15520454,0.91539473,0.79433963,-0.3478603,-1.3804416,0.63552463,-1.1798158,0.25536549,-0.99781428,0.075707651,-0.88990024,-0.5098597,-1.7117547,0.63758069,-0.36165479,-1.218637,1.395945,-2.1901786,1.0297914,-1.3514616,1.8155152,-0.58741632,-0.17246764,0.092347599,-0.80354965,1.4908544,1.5264385,1.3006132,-0.1878577,-0.62490004,-1.5960814,0.035536279,-0.3624102,-0.1476641,2.1500937,-0.21004712,-1.6446154,0.5842269,-0.64188967,0.28399844,0.78982108,1.2771171,0.023735655,0.29632884,-2.0680314,0.12012153,-0.52254179,1.0867158,-0.569128,-0.31740675,-1.6824399,0.030474492,-0.70482084,0.031385675,-1.2579764,0.22519542
58,88,2,-0.50611055,0.79488918,0.054669802,-0.33743981,2.024007,-1.6784615,1.3156273,-1.1122316,0.56302629,-0.024464502,1.2464324,-1.0145928,-1.0424826,-1.6576938,0.46526414,-0.92386951,-1.3182884,-1.1739187,-1.686941,-0.88370188,-0.51576604,-0.57724587,0.15856461,0.81233205,-0.048798897,-1.0976999,0.63457499,-0.72933023,-0.022966782,0.45351997,0.63899044,0.11510159,-1.5372215,-0.53084252,2.5432438,0.09807409,-0.75763806,0.46241722,0.24451548,0.27897958,-0.077714062,-0.21676458,-1.0731544,-0.4775601,0.66348869,0.38651201,-0.47820322,-2.2615541,-0.4877614,0.17541992,0.38261233,1.1673441,1.0423607,0.83994022,-0.85499252,-1.7947597,0.73202027,-0.27736103,-0.84293939,-1.697933,0.10640536,-1.4495772,0.6884446,-0.45929327,-0.21546093,-0.13649342,-0.41411097,0.029496682,-0.95802776,-0.9257448,-0.52323965,0.82142236,-0.054531321,0.45266854,-0.54197351,-0.6694332,-1.4349242,1.6648098,-0.21183625,-1.4661964
61,88,2,-0.274609,0.91536129,-0.22144193,-0.78131846,0.460432,-1.0687485,-1.2337098,2.3735523,-0.64990344,0.43092049,-0.21533481,0.90165548,-0.70687869,0.033428998,-1.5510582,-1.2416775,0.47085003,-1.6084387,-0.81802938,1.9220851,0.1010172,-0.091222198,-0.60905558,2.0020856,-0.52214816,0.36362456,-0.031686963,-1.2250357,0.17958329,-0.95829234,-1.6379423,-1.3584359,-1.0383133,-0.22201692,0.83221741,0.47114141,-0.057412278,-0.47616309,0.69473435,1.0376346,0.54768863,1.0847673,-1.2318762,1.3640363,0.10002223,1.4808259,0.30798066,-1.2300498,0.63959351,-0.2611656,-0.67884328,-2.5904836,-0.19893343,0.40815768,0.053057459,-1.1009222,-0.64804595,-1.6703683,0.84637696,-0.10842949,-0.22990977,-0.96927433,-1.0857733,-0.31941007,-0.83154743,-0.86198092,1.6898261,-1.3059311,-0.44560589,0.81828761,-0.12814901,0.16245419,-0.88376902,1.6069685,-0.45913963,-1.3372958,0.76552671,0.1812431,-0.75660878,1.853268
63,88,2,-0.00097993213,-0.307758,-1.5762564,-0.48031295,0.29252701,-0.073326585,0.76094861,1.0834731,0.48535454,0.58982409,-1.0472282,-0.92124533,-0.99962614,0.10584897,-0.04045173,-0.44636599,-0.62508577,0.33932613,0.66000434,-0.53470315,-1.3220567,-0.65654512,-0.35901297,-0.29704089,-0.16151678,1.0840514,1.6774838,-1.451909,-0.6841907,0.79279773,1.4569387,-0.97452066,-0.52008688,1.8358075,-0.72901318,-0.26354338,-0.36918334,0.3409857,0.24268658,-0.19555345,-0.32830506,-0.74616109,0.65583589,0.067698878,0.83893045,1.1943315,0.36017891,-0.48204763,0.6567211,-0.62406224,0.82895223,-0.97853432,-0.40078757,-0.21928267,0.39706445,-1.0295172,-0.056847354,-0.98709845,0.37884491,0.026028931,0.72140295,-0.071995554,-0.47235897,-0.61313894,0.13181559,0.65153365,-0.14430939,-0.16273115,-0.65265681,0.12540665,2.1547749,-0.95538007,0.84621239,-1.7570572,-0.17056866,0.35933373,-0.075000438,-0.33425808,0.27415973,1.2358375
65,88,2,1.8427641,-0.65062348,-0.38453229,0.57478763,0.93027083,-1.340427,0.43571117,-0.2546697,0.80906904,0.25336495,1.6830568,-0.20467058,-0.66183476,-1.2885222,0.88389564,-0.77027062,2.2321781,-1.4174439,0.32023493,0.78342616,0.8673033,0.14936742,0.083883638,0.48964045,-0.83274276,1.6206503,-0.14546871,-0.3105902,-0.94478792,-0.43351807,1.8642904,0.030901244,0.95250823,-0.36758508,1.2199248,1.733872,1.7688662,-0.73038456,0.15692659,-0.23871573,-0.035350549,-0.0058795434,-0.57973848,0.3365389,0.66305989,0.50938105,-0.87175603,0.70121105,-1.9681529,-1.0068676,-0.043972668,-0.52898179,-1.774324,0.2381478,-0.74399936,0.64946116,-0.18227885,0.697409,1.3503452,-0.00073568448,-0.65650053,-0.37073266,0.8341021,0.0491768,0.67993456,-1.1764158,2.2700991,1.089339,1.6881186,0.36871037,0.31392121,-0.17381258,1.066955,0.020367267,2.1178133,0.27725989,-0.09679513,0.74873644,1.7650682,-2.1028873
